1,BCRABL_1769,GCTTCATGGTGATGTCCGTG,neg,3420.0,9
1,BCRABL_1792,GGCCAGTACGGGGAGGTGTA,pos,3454.0,9
1,BCRABL_1803,gCGTGTGGAAGAAATACAGCC,pos,3480.0,9
1,BCRABL_1817,GGCCGTGAAGACCTTGAAGG,pos,3507.0,9
1,BCRABL_1832,gCATGGAGGTGGAAGAGTTCT,pos,3534.0,9
1,BCRABL_1840,gTTGATCTCTTTCATGACTGC,neg,3565.0,9
1,BCR2_1047,AAGGAGCTGCACCAGGTTAG,neg,3590.0,9
1,BCRABL_1863,ATAGAACGGGGGCTCCCGGG,neg,3620.0,9
1,BCRABL_1873,GTAGGTCATGAACTCAGTGA,neg,3644.0,9
2,BCRABL_1770,GTGCTTCATGGTGATGTCCG,neg,3422.0,9
2,BCRABL_1793,gCCAGTACGGGGAGGTGTACG,pos,3456.0,9
2,BCRABL_1804,GTGGAAGAAATACAGCCTGA,pos,3483.0,9
2,BCRABL_1818,GCCGTGAAGACCTTGAAGGA,pos,3508.0,9
2,BCRABL_1831,AAGAACTCTTCCACCTCCAT,neg,3535.0,9
2,BCRABL_1841,gTGTTTGATCTCTTTCATGAC,neg,3568.0,9
2,BCR2_483,gCAAGGAGCTGCACCAGGTTA,neg,3591.0,9
2,BCRABL_1864,ATATAGAACGGGGGCTCCCG,neg,3622.0,9
2,BCRABL_1877,gTTCCCGTAGGTCATGAACTC,neg,3649.0,9
3,BCRABL_1772,GGACATCACCATGAAGCACA,pos,3423.0,8
3,BCRABL_1794,gCAGTACGGGGAGGTGTACGA,pos,3457.0,8
3,BCRABL_1805,gTGGAAGAAATACAGCCTGAC,pos,3484.0,8
3,BCRABL_1821,GACCTTGAAGGAGGACACCA,pos,3516.0,8
3,BCRABL_1833,GAGGTGGAAGAGTTCTTGAA,pos,3538.0,8
3,BCR2_445,AGAGATCAAACACCCTAACC,pos,3576.0,8
3,BCRABL_1855,GGGTGCAGACCCCAAGGAGC,neg,3603.0,8
3,BCR2_851,gCAGTGATGATATAGAACGGG,neg,3630.0,8
4,BCRABL_1773,gCATCACCATGAAGCACAAGC,pos,3426.0,8
4,BCRABL_1795,AGTACGGGGAGGTGTACGAG,pos,3458.0,8
4,BCRABL_1808,AAATACAGCCTGACGGTGGC,pos,3490.0,8
4,BCRABL_1822,ACCTTGAAGGAGGACACCAT,pos,3517.0,8
4,BCRABL_1835,GAAGAGTTCTTGAAAGAAGC,pos,3544.0,8
4,BCRABL_1843,GAGATCAAACACCCTAACCT,pos,3577.0,8
4,BCRABL_1861,GGTCTGCACCCGGGAGCCCC,pos,3612.0,8
4,BCRABL_1872,gCTATATCATCACTGAGTTCA,pos,3636.0,8
5,BCRABL_1774,ATCACCATGAAGCACAAGCT,pos,3427.0,7
5,BCR2_147,gCTCGTACACCTCCCCGTACT,neg,3458.0,7
5,BCRABL_1809,ATACAGCCTGACGGTGGCCG,pos,3492.0,7
5,BCRABL_1824,gCTTGAAGGAGGACACCATGG,pos,3519.0,7
5,BCR2_302,gCATGACTGCAGCTTCTTTCA,neg,3554.0,7
5,BCR2_357,gCTGCACCAGGTTAGGGTGTT,neg,3584.0,7
5,BCRABL_1868,gTCAGTGATGATATAGAACGG,neg,3631.0,7
6,BCRABL_1775,gTCACCATGAAGCACAAGCTG,pos,3428.0,6
6,BCRABL_1796,gTACGGGGAGGTGTACGAGGG,pos,3460.0,6
6,BCRABL_1810,gCAGCCTGACGGTGGCCGTGA,pos,3495.0,6
6,BCRABL_1825,gTTGAAGGAGGACACCATGGA,pos,3520.0,6
6,BCR2_842,gCCTAACCTGGTGCAGCTCCT,pos,3589.0,6
6,BCR2_975,gCATGAACTCAGTGATGATAT,neg,3638.0,6
7,BCRABL_1777,ACCATGAAGCACAAGCTGGG,pos,3430.0,6
7,BCRABL_1797,gCGGGGAGGTGTACGAGGGCG,pos,3462.0,6
7,BCR2_487,gCTTCACGGCCACCGTCAGGC,neg,3497.0,6
7,BCRABL_1823,gTCCATGGTGTCCTCCTTCAA,neg,3520.0,6
7,BCR2_675,gCTAACCTGGTGCAGCTCCTT,pos,3590.0,6
7,BCRABL_1874,ATCACTGAGTTCATGACCTA,pos,3643.0,6
8,BCRABL_1778,gCCATGAAGCACAAGCTGGGC,pos,3431.0,6
8,BCRABL_1798,GGGAGGTGTACGAGGGCGTG,pos,3464.0,6
8,BCRABL_1811,GGTCTTCACGGCCACCGTCA,neg,3500.0,6
8,BCR2_1111,gCAAGAACTCTTCCACCTCCA,neg,3536.0,6
8,BCR2_1099,gTGGTGCAGCTCCTTGGGGTC,pos,3596.0,6
8,BCRABL_1875,gTCACTGAGTTCATGACCTAC,pos,3644.0,6
9,BCRABL_1776,GCCCAGCTTGTGCTTCATGG,neg,3431.0,4
9,BCRABL_1800,GGTGTACGAGGGCGTGTGGA,pos,3468.0,4
9,BCR2_962,gCTCCATGGTGTCCTCCTTCA,neg,3521.0,4
9,BCRABL_1876,gCACTGAGTTCATGACCTACG,pos,3645.0,4
10,BCRABL_1779,gCATGAAGCACAAGCTGGGCG,pos,3432.0,2
10,BCRABL_1826,GAAGGAGGACACCATGGAGG,pos,3522.0,2
11,BCRABL_1780,ATGAAGCACAAGCTGGGCGG,pos,3433.0,2
11,BCRABL_1827,AAGGAGGACACCATGGAGGT,pos,3523.0,2
12,BCRABL_1781,gTGAAGCACAAGCTGGGCGGG,pos,3434.0,2
12,BCRABL_1828,GAGGACACCATGGAGGTGGA,pos,3526.0,2
13,BCRABL_1782,GCACAAGCTGGGCGGGGGCC,pos,3438.0,2
13,BCRABL_1829,GGACACCATGGAGGTGGAAG,pos,3528.0,2
