ref_aa,protein_start,alt_aa,consequence_terms,ref_codon,alt_codon,ct_screen1_before,ct_screen1_after,ct_screen2_before,ct_screen2_after
A,269,P,missense_variant,GCC,CCT,12,8,51,13
A,269,G,missense_variant,GCC,GGT,12,1,61,0
A,269,Y,missense_variant,GCC,TAC,8,3,35,2
A,269,W,missense_variant,GCC,TGG,2,0,32,0
A,269,F,missense_variant,GCC,TTC,6,0,48,0
A,269,V,missense_variant,GCC,GTG,10,0,16,0
A,269,L,missense_variant,GCC,CTG,12,0,61,0
A,269,I,missense_variant,GCC,ATC,5,0,39,0
A,269,T,missense_variant,GCC,ACC,10,3,63,1
A,269,S,missense_variant,GCC,AGC,2,0,18,0
A,269,Q,missense_variant,GCC,CAG,9,0,71,0
A,269,N,missense_variant,GCC,AAC,5,0,21,1
A,269,M,missense_variant,GCC,ATG,6,0,28,0
A,269,C,missense_variant,GCC,TGC,5,0,38,1
A,269,E,missense_variant,GCC,GAG,9,0,41,1
A,269,D,missense_variant,GCC,GAT,12,4,50,0
A,269,R,missense_variant,GCC,AGA,9,0,46,0
A,269,K,missense_variant,GCC,AAG,4,0,18,0
A,269,H,missense_variant,GCC,CAC,4,0,25,0
A,287,P,missense_variant,GCT,CCT,9,1,29,0
A,287,G,missense_variant,GCT,GGT,5,82,23,125
A,287,Y,missense_variant,GCT,TAC,9,0,35,0
A,287,W,missense_variant,GCT,TGG,1,0,23,0
A,287,F,missense_variant,GCT,TTC,6,2,38,2
A,287,V,missense_variant,GCT,GTG,4,0,54,0
A,287,L,missense_variant,GCT,CTG,10,0,32,0
A,287,I,missense_variant,GCT,ATC,4,18,25,44
A,287,T,missense_variant,GCT,ACC,6,0,24,0
A,287,S,missense_variant,GCT,AGC,6,10,31,15
A,287,Q,missense_variant,GCT,CAG,2,19,28,26
A,287,N,missense_variant,GCT,AAC,3,10,29,12
A,287,M,missense_variant,GCT,ATG,1,34,10,58
A,287,C,missense_variant,GCT,TGC,4,1,52,2
A,287,E,missense_variant,GCT,GAG,2,0,36,0
A,287,D,missense_variant,GCT,GAT,1,0,27,1
A,287,R,missense_variant,GCT,AGA,1,2,11,6
A,287,K,missense_variant,GCT,AAG,9,0,79,1
A,287,H,missense_variant,GCT,CAC,1,0,22,0
A,288,P,missense_variant,GCA,CCT,12,0,42,0
A,288,G,missense_variant,GCA,GGT,5,61,29,82
A,288,Y,missense_variant,GCA,TAC,1,18,12,17
A,288,W,missense_variant,GCA,TGG,6,34,21,46
A,288,F,missense_variant,GCA,TTC,7,27,38,41
A,288,V,missense_variant,GCA,GTG,2,5,27,2
A,288,L,missense_variant,GCA,CTG,9,4,39,10
A,288,I,missense_variant,GCA,ATC,7,0,42,1
A,288,T,missense_variant,GCA,ACC,5,29,24,51
A,288,S,missense_variant,GCA,AGC,2,46,16,59
A,288,Q,missense_variant,GCA,CAG,7,117,18,162
A,288,N,missense_variant,GCA,AAC,7,91,18,103
A,288,M,missense_variant,GCA,ATG,0,0,15,24
A,288,C,missense_variant,GCA,TGC,8,55,26,86
A,288,E,missense_variant,GCA,GAG,4,83,14,111
A,288,D,missense_variant,GCA,GAT,0,0,16,54
A,288,R,missense_variant,GCA,AGA,9,57,49,91
A,288,K,missense_variant,GCA,AAG,1,29,15,39
A,288,H,missense_variant,GCA,CAC,4,67,31,95
C,305,P,missense_variant,TGC,CCT,3,0,23,0
C,305,G,missense_variant,TGC,GGT,4,3,13,7
C,305,Y,missense_variant,TGC,TAC,4,0,37,0
C,305,W,missense_variant,TGC,TGG,2,0,12,0
C,305,F,missense_variant,TGC,TTC,2,0,16,0
C,305,V,missense_variant,TGC,GTG,1,20,22,44
C,305,L,missense_variant,TGC,CTG,1,5,12,21
C,305,I,missense_variant,TGC,ATC,3,52,21,86
C,305,A,missense_variant,TGC,GCT,0,0,4,0
C,305,T,missense_variant,TGC,ACC,0,0,14,0
C,305,S,missense_variant,TGC,AGC,1,0,11,0
C,305,Q,missense_variant,TGC,CAG,0,0,4,0
C,305,N,missense_variant,TGC,AAC,0,0,11,0
C,305,M,missense_variant,TGC,ATG,2,30,12,39
C,305,E,missense_variant,TGC,GAG,2,0,18,0
C,305,D,missense_variant,TGC,GAT,1,0,32,0
C,305,R,missense_variant,TGC,AGA,1,0,12,1
C,305,K,missense_variant,TGC,AAG,2,0,20,0
C,305,H,missense_variant,TGC,CAC,4,0,11,0
D,241,N,missense_variant,GAC,AAC,1,2,12,1
D,276,P,missense_variant,GAC,CCT,9,29,29,49
D,276,G,missense_variant,GAC,GGT,1,30,8,22
D,276,Y,missense_variant,GAC,TAC,4,3,12,12
D,276,W,missense_variant,GAC,TGG,0,0,1,2
D,276,W,missense_variant,GAC,TGG,7,4,27,9
D,276,F,missense_variant,GAC,TTC,6,0,30,1
D,276,V,missense_variant,GAC,GTG,3,0,8,0
D,276,L,missense_variant,GAC,CTG,6,0,15,0
D,276,I,missense_variant,GAC,ATC,0,0,10,0
D,276,A,missense_variant,GAC,GCT,1,29,12,21
D,276,T,missense_variant,GAC,ACC,2,12,8,8
D,276,S,missense_variant,GAC,AGC,1,10,3,28
D,276,Q,missense_variant,GAC,CAG,1,32,8,27
D,276,N,missense_variant,GAC,AAC,11,54,41,81
D,276,M,missense_variant,GAC,ATG,4,10,15,10
D,276,C,missense_variant,GAC,TGC,2,0,16,0
D,276,E,missense_variant,GAC,GAG,5,41,14,56
D,276,R,missense_variant,GAC,AGA,3,48,13,58
D,276,K,missense_variant,GAC,AAG,3,47,9,55
D,276,H,missense_variant,GAC,CAC,3,85,21,106
D,391,Y,missense_variant,GAC,TAC,1,0,0,0
E,255,P,missense_variant,GAG,CCT,0,0,5,0
E,255,G,missense_variant,GAG,GGT,9,0,86,10
E,255,Y,missense_variant,GAG,TAC,24,208,246,313
E,255,W,missense_variant,GAG,TGG,16,93,209,104
E,255,F,missense_variant,GAG,TTC,5,24,36,51
E,255,V,missense_variant,GAG,GTG,3,29,128,61
E,255,L,missense_variant,GAG,CTG,15,133,226,241
E,255,I,missense_variant,GAG,ATC,4,15,73,33
E,255,A,missense_variant,GAG,GCT,0,0,12,8
E,255,T,missense_variant,GAG,ACC,19,115,254,197
E,255,S,missense_variant,GAG,AGC,5,7,28,12
E,255,Q,missense_variant,GAG,CAG,4,56,40,80
E,255,N,missense_variant,GAG,AAC,7,65,45,89
E,255,M,missense_variant,GAG,ATG,3,36,48,65
E,255,C,missense_variant,GAG,TGC,2,20,85,68
E,255,D,missense_variant,GAG,GAT,8,77,50,120
E,255,R,missense_variant,GAG,AGA,2,25,13,39
E,255,K,missense_variant,GAG,AAG,10,49,148,75
E,255,H,missense_variant,GAG,CAC,6,74,58,96
E,258,P,missense_variant,GAG,CCT,3,0,28,0
E,258,G,missense_variant,GAG,GGT,0,0,1,0
E,258,Y,missense_variant,GAG,TAC,0,0,3,15
E,258,W,missense_variant,GAG,TGG,10,47,29,77
E,258,F,missense_variant,GAG,TTC,1,6,5,11
E,258,V,missense_variant,GAG,GTG,1,22,12,29
E,258,L,missense_variant,GAG,CTG,3,13,0,0
E,258,I,missense_variant,GAG,ATC,0,0,4,0
E,258,A,missense_variant,GAG,GCT,8,46,30,88
E,258,T,missense_variant,GAG,ACC,2,2,0,0
E,258,S,missense_variant,GAG,AGC,3,3,3,11
E,258,Q,missense_variant,GAG,CAG,2,63,19,61
E,258,N,missense_variant,GAG,AAC,6,21,15,43
E,258,M,missense_variant,GAG,ATG,6,55,30,72
E,258,C,missense_variant,GAG,TGC,11,51,25,128
E,258,D,missense_variant,GAG,GAT,1,0,5,1
E,258,R,missense_variant,GAG,AGA,7,9,19,31
E,258,K,missense_variant,GAG,AAG,1,22,7,12
E,275,P,missense_variant,GAG,CCT,1,6,0,0
E,275,G,missense_variant,GAG,GGT,9,21,30,33
E,275,Y,missense_variant,GAG,TAC,2,57,19,55
E,275,W,missense_variant,GAG,TGG,0,0,10,20
E,275,F,missense_variant,GAG,TTC,4,10,13,29
E,275,V,missense_variant,GAG,GTG,5,30,16,60
E,275,L,missense_variant,GAG,CTG,3,16,10,24
E,275,I,missense_variant,GAG,ATC,2,0,6,2
E,275,A,missense_variant,GAG,GCT,2,71,11,94
E,275,T,missense_variant,GAG,ACC,7,25,11,24
E,275,S,missense_variant,GAG,AGC,3,6,13,15
E,275,Q,missense_variant,GAG,CAG,9,117,20,163
E,275,N,missense_variant,GAG,AAC,0,0,14,30
E,275,C,missense_variant,GAG,TGC,2,4,9,5
E,275,D,missense_variant,GAG,GAT,6,38,21,49
E,275,R,missense_variant,GAG,AGA,3,21,12,32
E,275,K,missense_variant,GAG,AAG,4,71,27,64
E,275,H,missense_variant,GAG,CAC,3,30,11,71
E,279,P,missense_variant,GAG,CCT,6,64,7,80
E,279,G,missense_variant,GAG,GGT,5,76,38,125
E,279,Y,missense_variant,GAG,TAC,1,35,18,76
E,279,W,missense_variant,GAG,TGG,2,8,14,13
E,279,F,missense_variant,GAG,TTC,3,50,16,102
E,279,V,missense_variant,GAG,GTG,3,66,22,114
E,279,L,missense_variant,GAG,CTG,1,3,2,2
E,279,I,missense_variant,GAG,ATC,9,41,27,56
E,279,A,missense_variant,GAG,GCT,1,27,5,41
E,279,T,missense_variant,GAG,ACC,0,0,9,43
E,279,S,missense_variant,GAG,AGC,0,0,1,3
E,279,Q,missense_variant,GAG,CAG,3,39,14,50
E,279,N,missense_variant,GAG,AAC,3,43,20,61
E,279,M,missense_variant,GAG,ATG,1,42,10,57
E,279,C,missense_variant,GAG,TGC,3,54,14,85
E,279,D,missense_variant,GAG,GAT,8,65,20,68
E,279,R,missense_variant,GAG,AGA,3,20,7,18
E,279,K,missense_variant,GAG,AAG,5,71,48,97
E,279,H,missense_variant,GAG,CAC,6,63,36,119
E,281,P,missense_variant,GAA,CCT,0,0,2,0
E,281,G,missense_variant,GAA,GGT,3,124,11,148
E,281,Y,missense_variant,GAA,TAC,0,0,12,69
E,281,F,missense_variant,GAA,TTC,0,0,2,3
E,281,V,missense_variant,GAA,GTG,1,23,14,29
E,281,L,missense_variant,GAA,CTG,2,4,0,0
E,281,A,missense_variant,GAA,GCT,5,63,21,99
E,281,Q,missense_variant,GAA,CAG,3,39,3,45
E,281,N,missense_variant,GAA,AAC,7,61,24,120
E,281,C,missense_variant,GAA,TGC,1,0,0,0
E,281,D,missense_variant,GAA,GAT,6,74,13,114
E,281,R,missense_variant,GAA,AGA,0,0,5,27
E,281,K,missense_variant,GAA,AAG,18,40,16,88
E,281,H,missense_variant,GAA,CAC,0,0,8,24
E,282,P,missense_variant,GAG,CCT,1,5,8,6
E,282,G,missense_variant,GAG,GGT,6,19,22,24
E,282,Y,missense_variant,GAG,TAC,1,29,22,48
E,282,W,missense_variant,GAG,TGG,8,20,38,17
E,282,F,missense_variant,GAG,TTC,3,3,17,7
E,282,V,missense_variant,GAG,GTG,7,0,36,0
E,282,L,missense_variant,GAG,CTG,6,0,27,1
E,282,I,missense_variant,GAG,ATC,7,0,60,1
E,282,A,missense_variant,GAG,GCT,7,31,47,59
E,282,T,missense_variant,GAG,ACC,4,3,27,1
E,282,S,missense_variant,GAG,AGC,3,10,41,16
E,282,Q,missense_variant,GAG,CAG,18,114,44,182
E,282,N,missense_variant,GAG,AAC,2,28,21,36
E,282,M,missense_variant,GAG,ATG,1,2,20,9
E,282,C,missense_variant,GAG,TGC,2,44,20,41
E,282,D,missense_variant,GAG,GAT,1,52,20,73
E,282,R,missense_variant,GAG,AGA,10,1,19,5
E,282,K,missense_variant,GAG,AAG,19,6,192,5
E,282,H,missense_variant,GAG,CAC,4,3,27,1
E,286,P,missense_variant,GAA,CCT,6,0,30,0
E,286,G,missense_variant,GAA,GGT,6,0,59,0
E,286,Y,missense_variant,GAA,TAC,5,0,32,0
E,286,W,missense_variant,GAA,TGG,0,0,2,0
E,286,W,missense_variant,GAA,TGG,3,0,40,0
E,286,F,missense_variant,GAA,TTC,2,0,44,0
E,286,V,missense_variant,GAA,GTG,12,0,47,0
E,286,L,missense_variant,GAA,CTG,7,9,35,20
E,286,I,missense_variant,GAA,ATC,0,0,22,0
E,286,A,missense_variant,GAA,GCT,5,0,23,0
E,286,T,missense_variant,GAA,ACC,1,5,40,6
E,286,T,missense_variant,GAA,ACC,0,0,3,0
E,286,S,missense_variant,GAA,AGC,3,0,29,0
E,286,Q,missense_variant,GAA,CAG,4,0,31,0
E,286,N,missense_variant,GAA,AAC,10,0,30,0
E,286,M,missense_variant,GAA,ATG,4,0,52,0
E,286,C,missense_variant,GAA,TGC,3,0,36,0
E,286,D,missense_variant,GAA,GAT,3,6,21,9
E,286,R,missense_variant,GAA,AGA,6,1,40,0
E,286,K,missense_variant,GAA,AAG,2,1,26,0
E,286,H,missense_variant,GAA,CAC,2,0,14,0
E,292,P,missense_variant,GAG,CCT,4,0,20,0
E,292,G,missense_variant,GAG,GGT,5,35,26,58
E,292,Y,missense_variant,GAG,TAC,7,99,16,87
E,292,W,missense_variant,GAG,TGG,7,24,23,27
E,292,F,missense_variant,GAG,TTC,0,0,15,31
E,292,V,missense_variant,GAG,GTG,4,90,24,139
E,292,L,missense_variant,GAG,CTG,0,0,13,35
E,292,I,missense_variant,GAG,ATC,1,18,6,33
E,292,A,missense_variant,GAG,GCT,2,31,11,49
E,292,T,missense_variant,GAG,ACC,1,16,8,37
E,292,S,missense_variant,GAG,AGC,2,44,15,58
E,292,Q,missense_variant,GAG,CAG,3,65,18,63
E,292,N,missense_variant,GAG,AAC,1,56,13,80
E,292,M,missense_variant,GAG,ATG,1,40,1,36
E,292,C,missense_variant,GAG,TGC,3,95,16,124
E,292,D,missense_variant,GAG,GAT,4,11,12,20
E,292,R,missense_variant,GAG,AGA,5,37,19,57
E,292,K,missense_variant,GAG,AAG,2,30,19,30
E,292,H,missense_variant,GAG,CAC,0,0,17,51
E,308,P,missense_variant,GAG,CCT,0,0,16,0
E,308,W,missense_variant,GAG,TGG,1,0,16,0
E,308,F,missense_variant,GAG,TTC,1,0,19,0
E,308,V,missense_variant,GAG,GTG,2,6,21,11
E,308,L,missense_variant,GAG,CTG,3,0,31,0
E,308,I,missense_variant,GAG,ATC,0,0,5,0
E,308,T,missense_variant,GAG,ACC,1,3,13,7
E,308,Q,missense_variant,GAG,CAG,1,30,8,28
E,308,N,missense_variant,GAG,AAC,3,26,7,30
E,308,M,missense_variant,GAG,ATG,0,0,9,1
E,308,C,missense_variant,GAG,TGC,0,0,6,4
E,308,D,missense_variant,GAG,GAT,1,30,14,57
E,308,K,missense_variant,GAG,AAG,2,0,13,1
E,316,P,missense_variant,GAG,CCT,1,0,19,7
E,316,G,missense_variant,GAG,GGT,5,0,48,0
E,316,Y,missense_variant,GAG,TAC,4,0,18,0
E,316,W,missense_variant,GAG,TGG,5,8,52,8
E,316,F,missense_variant,GAG,TTC,7,0,47,0
E,316,V,missense_variant,GAG,GTG,1,0,3,0
E,316,L,missense_variant,GAG,CTG,4,0,37,0
E,316,I,missense_variant,GAG,ATC,8,0,51,0
E,316,A,missense_variant,GAG,GCT,0,0,1,0
E,316,T,missense_variant,GAG,ACC,1,0,39,0
E,316,S,missense_variant,GAG,AGC,2,0,15,0
E,316,Q,missense_variant,GAG,CAG,12,17,54,16
E,316,N,missense_variant,GAG,AAC,3,0,22,0
E,316,M,missense_variant,GAG,ATG,10,0,72,0
E,316,C,missense_variant,GAG,TGC,7,1,37,8
E,316,D,missense_variant,GAG,GAT,2,0,16,0
E,316,R,missense_variant,GAG,AGA,2,0,36,0
E,316,K,missense_variant,GAG,AAG,7,7,39,10
E,316,H,missense_variant,GAG,CAC,0,0,17,0
F,283,P,missense_variant,TTC,CCT,3,0,13,0
F,283,G,missense_variant,TTC,GGT,7,0,45,0
F,283,Y,missense_variant,TTC,TAC,9,0,32,2
F,283,W,missense_variant,TTC,TGG,3,0,50,0
F,283,V,missense_variant,TTC,GTG,9,12,46,30
F,283,L,missense_variant,TTC,CTG,3,18,16,43
F,283,I,missense_variant,TTC,ATC,5,30,17,58
F,283,A,missense_variant,TTC,GCT,2,0,20,0
F,283,T,missense_variant,TTC,ACC,7,0,38,0
F,283,S,missense_variant,TTC,AGC,7,0,15,4
F,283,Q,missense_variant,TTC,CAG,1,0,26,0
F,283,N,missense_variant,TTC,AAC,3,0,7,0
F,283,M,missense_variant,TTC,ATG,8,8,28,43
F,283,C,missense_variant,TTC,TGC,2,0,20,0
F,283,E,missense_variant,TTC,GAG,4,2,24,0
F,283,D,missense_variant,TTC,GAT,5,0,27,0
F,283,R,missense_variant,TTC,AGA,3,0,38,0
F,283,K,missense_variant,TTC,AAG,6,0,45,0
F,283,H,missense_variant,TTC,CAC,2,0,32,0
F,311,P,missense_variant,TTC,CCT,0,0,11,10
F,311,Y,missense_variant,TTC,TAC,2,35,10,61
F,311,W,missense_variant,TTC,TGG,0,0,3,0
F,311,V,missense_variant,TTC,GTG,7,72,40,95
F,311,L,missense_variant,TTC,CTG,0,0,17,19
F,311,I,missense_variant,TTC,ATC,12,104,58,158
F,311,A,missense_variant,TTC,GCT,2,1,9,1
F,311,T,missense_variant,TTC,ACC,10,0,36,0
F,311,S,missense_variant,TTC,AGC,2,0,14,1
F,311,Q,missense_variant,TTC,CAG,1,16,11,27
F,311,N,missense_variant,TTC,AAC,1,0,10,0
F,311,M,missense_variant,TTC,ATG,1,4,1,12
F,311,C,missense_variant,TTC,TGC,0,0,7,0
F,311,E,missense_variant,TTC,GAG,4,0,50,1
F,311,D,missense_variant,TTC,GAT,6,0,26,0
F,311,R,missense_variant,TTC,AGA,9,0,46,0
F,311,K,missense_variant,TTC,AAG,3,0,42,0
F,311,H,missense_variant,TTC,CAC,4,34,10,45
F,317,P,missense_variant,TTC,CCT,4,0,20,0
F,317,G,missense_variant,TTC,GGT,5,1,45,0
F,317,Y,missense_variant,TTC,TAC,6,49,20,101
F,317,W,missense_variant,TTC,TGG,5,2,27,9
F,317,V,missense_variant,TTC,GTG,3,28,33,33
F,317,L,missense_variant,TTC,CTG,3,24,8,17
F,317,I,missense_variant,TTC,ATC,4,118,18,172
F,317,A,missense_variant,TTC,GCT,1,15,15,18
F,317,T,missense_variant,TTC,ACC,9,26,65,35
F,317,S,missense_variant,TTC,AGC,6,0,35,1
F,317,Q,missense_variant,TTC,CAG,3,0,3,2
F,317,N,missense_variant,TTC,AAC,3,7,13,4
F,317,M,missense_variant,TTC,ATG,0,0,8,13
F,317,C,missense_variant,TTC,TGC,6,89,36,143
F,317,E,missense_variant,TTC,GAG,1,0,16,0
F,317,D,missense_variant,TTC,GAT,5,0,14,0
F,317,R,missense_variant,TTC,AGA,5,52,23,62
F,317,K,missense_variant,TTC,AAG,1,15,6,28
F,317,H,missense_variant,TTC,CAC,1,15,1,36
G,249,P,missense_variant,GGC,CCT,1,1,18,0
G,249,Y,missense_variant,GGC,TAC,1,0,4,0
G,249,W,missense_variant,GGC,TGG,1,0,12,0
G,249,F,missense_variant,GGC,TTC,0,0,5,0
G,249,V,missense_variant,GGC,GTG,1,0,4,0
G,249,L,missense_variant,GGC,CTG,3,2,22,6
G,249,I,missense_variant,GGC,ATC,2,3,14,2
G,249,A,missense_variant,GGC,GCT,2,45,15,75
G,249,T,missense_variant,GGC,ACC,4,6,18,7
G,249,S,missense_variant,GGC,AGC,1,1,17,5
G,249,Q,missense_variant,GGC,CAG,11,8,47,11
G,249,N,missense_variant,GGC,AAC,2,37,14,60
G,249,M,missense_variant,GGC,ATG,1,0,20,0
G,249,C,missense_variant,GGC,TGC,10,6,66,9
G,249,E,missense_variant,GGC,GAG,7,0,39,0
G,249,D,missense_variant,GGC,GAT,1,11,4,26
G,249,R,missense_variant,GGC,AGA,2,0,16,0
G,249,K,missense_variant,GGC,AAG,0,0,20,0
G,249,H,missense_variant,GGC,CAC,10,0,56,2
G,250,P,missense_variant,GGG,CCT,0,0,6,0
G,250,Y,missense_variant,GGG,TAC,0,0,23,30
G,250,W,missense_variant,GGG,TGG,3,63,6,69
G,250,F,missense_variant,GGG,TTC,5,57,10,85
G,250,V,missense_variant,GGG,GTG,12,122,136,201
G,250,I,missense_variant,GGG,ATC,3,18,36,55
G,250,A,missense_variant,GGG,GCT,5,61,53,100
G,250,T,missense_variant,GGG,ACC,2,20,22,43
G,250,S,missense_variant,GGG,AGC,3,20,21,62
G,250,Q,missense_variant,GGG,CAG,1,25,29,31
G,250,N,missense_variant,GGG,AAC,3,33,14,70
G,250,M,missense_variant,GGG,ATG,1,1,1,2
G,250,C,missense_variant,GGG,TGC,3,56,61,64
G,250,E,missense_variant,GGG,GAG,7,49,128,73
G,250,D,missense_variant,GGG,GAT,4,15,11,28
G,250,R,missense_variant,GGG,AGA,4,14,15,19
G,250,K,missense_variant,GGG,AAG,2,61,27,67
G,250,H,missense_variant,GGG,CAC,1,29,16,37
G,251,P,missense_variant,GGC,CCT,1,0,0,0
G,251,Y,missense_variant,GGC,TAC,7,0,44,0
G,251,W,missense_variant,GGC,TGG,2,0,16,0
G,251,F,missense_variant,GGC,TTC,14,8,68,10
G,251,V,missense_variant,GGC,GTG,0,0,10,0
G,251,L,missense_variant,GGC,CTG,3,0,23,0
G,251,I,missense_variant,GGC,ATC,12,0,65,0
G,251,A,missense_variant,GGC,GCT,1,0,17,0
G,251,T,missense_variant,GGC,ACC,1,0,14,0
G,251,S,missense_variant,GGC,AGC,4,0,51,6
G,251,Q,missense_variant,GGC,CAG,6,0,7,0
G,251,N,missense_variant,GGC,AAC,4,0,15,3
G,251,M,missense_variant,GGC,ATG,0,0,18,0
G,251,C,missense_variant,GGC,TGC,4,0,12,0
G,251,E,missense_variant,GGC,GAG,4,0,21,0
G,251,D,missense_variant,GGC,GAT,2,0,17,0
G,251,R,missense_variant,GGC,AGA,1,0,19,0
G,251,K,missense_variant,GGC,AAG,1,0,4,0
G,251,H,missense_variant,GGC,CAC,2,0,22,0
G,254,P,missense_variant,GGG,CCT,5,0,34,0
G,254,Y,missense_variant,GGG,TAC,7,0,33,0
G,254,W,missense_variant,GGG,TGG,3,0,21,0
G,254,F,missense_variant,GGG,TTC,2,0,12,0
G,254,V,missense_variant,GGG,GTG,4,0,31,0
G,254,L,missense_variant,GGG,CTG,7,0,32,1
G,254,I,missense_variant,GGG,ATC,4,0,45,0
G,254,A,missense_variant,GGG,GCT,2,0,12,0
G,254,T,missense_variant,GGG,ACC,0,0,6,0
G,254,S,missense_variant,GGG,AGC,4,1,26,0
G,254,Q,missense_variant,GGG,CAG,1,0,7,0
G,254,N,missense_variant,GGG,AAC,4,0,17,4
G,254,M,missense_variant,GGG,ATG,4,0,19,0
G,254,C,missense_variant,GGG,TGC,4,0,7,0
G,254,E,missense_variant,GGG,GAG,7,0,26,4
G,254,D,missense_variant,GGG,GAT,3,0,30,0
G,254,R,missense_variant,GGG,AGA,0,0,12,0
G,254,K,missense_variant,GGG,AAG,3,0,11,0
G,254,H,missense_variant,GGG,CAC,3,0,13,0
G,259,P,missense_variant,GGC,CCT,3,0,37,0
G,259,Y,missense_variant,GGC,TAC,4,0,34,0
G,259,W,missense_variant,GGC,TGG,8,0,42,3
G,259,F,missense_variant,GGC,TTC,14,0,28,0
G,259,V,missense_variant,GGC,GTG,10,1,29,0
G,259,L,missense_variant,GGC,CTG,10,0,48,0
G,259,I,missense_variant,GGC,ATC,10,0,43,0
G,259,A,missense_variant,GGC,GCT,1,0,2,0
G,259,T,missense_variant,GGC,ACC,1,0,17,0
G,259,S,missense_variant,GGC,AGC,10,2,47,0
G,259,Q,missense_variant,GGC,CAG,5,0,20,0
G,259,N,missense_variant,GGC,AAC,18,0,91,0
G,259,M,missense_variant,GGC,ATG,10,0,39,0
G,259,C,missense_variant,GGC,TGC,0,0,13,0
G,259,E,missense_variant,GGC,GAG,5,0,11,0
G,259,D,missense_variant,GGC,GAT,5,0,16,0
G,259,R,missense_variant,GGC,AGA,8,0,25,2
G,259,K,missense_variant,GGC,AAG,5,0,21,1
G,303,P,missense_variant,GGG,CCT,2,0,11,0
G,303,Y,missense_variant,GGG,TAC,0,0,8,0
G,303,W,missense_variant,GGG,TGG,1,0,5,0
G,303,F,missense_variant,GGG,TTC,0,0,5,9
G,303,L,missense_variant,GGG,CTG,0,0,9,0
G,303,I,missense_variant,GGG,ATC,1,0,20,0
G,303,A,missense_variant,GGG,GCT,1,0,0,0
G,303,T,missense_variant,GGG,ACC,0,0,6,0
G,303,Q,missense_variant,GGG,CAG,0,0,8,0
G,303,M,missense_variant,GGG,ATG,0,0,5,0
G,303,C,missense_variant,GGG,TGC,0,0,18,1
G,303,E,missense_variant,GGG,GAG,0,0,6,0
G,303,D,missense_variant,GGG,GAT,0,0,2,0
G,303,R,missense_variant,GGG,AGA,0,0,3,0
G,303,H,missense_variant,GGG,CAC,0,0,12,0
G,321,Y,missense_variant,GGG,TAC,0,0,1,0
G,321,W,missense_variant,GGG,TGG,7,0,36,1
G,321,V,missense_variant,GGG,GTG,2,0,43,0
G,321,L,missense_variant,GGG,CTG,0,0,16,0
G,321,A,missense_variant,GGG,GCT,1,0,3,0
G,321,S,missense_variant,GGG,AGC,0,0,4,0
G,321,Q,missense_variant,GGG,CAG,8,0,23,0
G,321,N,missense_variant,GGG,AAC,1,0,3,0
G,321,M,missense_variant,GGG,ATG,1,0,14,0
G,321,C,missense_variant,GGG,TGC,2,0,5,1
G,321,E,missense_variant,GGG,GAG,10,2,55,1
G,321,D,missense_variant,GGG,GAT,1,6,20,5
G,321,R,missense_variant,GGG,AGA,2,0,13,0
G,321,K,missense_variant,GGG,AAG,0,0,2,0
H,246,P,missense_variant,CAC,CCT,2,0,15,1
H,246,G,missense_variant,CAC,GGT,4,24,5,57
H,246,Y,missense_variant,CAC,TAC,10,66,28,118
H,246,W,missense_variant,CAC,TGG,13,125,36,213
H,246,F,missense_variant,CAC,TTC,10,64,54,97
H,246,V,missense_variant,CAC,GTG,1,2,30,7
H,246,L,missense_variant,CAC,CTG,3,71,29,92
H,246,I,missense_variant,CAC,ATC,2,0,16,1
H,246,A,missense_variant,CAC,GCT,2,17,3,42
H,246,T,missense_variant,CAC,ACC,3,33,29,84
H,246,S,missense_variant,CAC,AGC,0,0,4,3
H,246,Q,missense_variant,CAC,CAG,4,90,20,127
H,246,N,missense_variant,CAC,AAC,2,37,20,84
H,246,M,missense_variant,CAC,ATG,3,32,14,45
H,246,C,missense_variant,CAC,TGC,5,61,24,68
H,246,E,missense_variant,CAC,GAG,5,10,14,14
H,246,D,missense_variant,CAC,GAT,2,80,16,76
H,246,R,missense_variant,CAC,AGA,5,22,35,18
H,246,K,missense_variant,CAC,AAG,4,4,10,10
H,295,P,missense_variant,CAC,CCT,0,0,21,0
H,295,G,missense_variant,CAC,GGT,2,1,10,2
H,295,Y,missense_variant,CAC,TAC,0,0,23,0
H,295,W,missense_variant,CAC,TGG,1,0,29,0
H,295,F,missense_variant,CAC,TTC,6,0,69,0
H,295,V,missense_variant,CAC,GTG,7,0,41,2
H,295,L,missense_variant,CAC,CTG,5,0,35,0
H,295,I,missense_variant,CAC,ATC,6,0,24,0
H,295,A,missense_variant,CAC,GCT,3,0,32,0
H,295,T,missense_variant,CAC,ACC,4,0,36,0
H,295,S,missense_variant,CAC,AGC,3,1,25,2
H,295,Q,missense_variant,CAC,CAG,8,4,33,1
H,295,N,missense_variant,CAC,AAC,0,0,12,19
H,295,M,missense_variant,CAC,ATG,5,4,54,3
H,295,C,missense_variant,CAC,TGC,1,0,13,0
H,295,E,missense_variant,CAC,GAG,3,0,44,0
H,295,D,missense_variant,CAC,GAT,0,0,20,5
H,295,R,missense_variant,CAC,AGA,4,0,36,0
H,295,K,missense_variant,CAC,AAG,2,1,33,1
I,242,P,missense_variant,ATC,CCT,2,0,26,0
I,242,G,missense_variant,ATC,GGT,2,0,26,0
I,242,Y,missense_variant,ATC,TAC,1,0,16,0
I,242,W,missense_variant,ATC,TGG,0,0,16,0
I,242,F,missense_variant,ATC,TTC,0,0,7,47
I,242,V,missense_variant,ATC,GTG,3,67,42,86
I,242,L,missense_variant,ATC,CTG,5,22,14,31
I,242,A,missense_variant,ATC,GCT,0,0,14,0
I,242,T,missense_variant,ATC,ACC,3,0,17,0
I,242,S,missense_variant,ATC,AGC,3,0,26,0
I,242,Q,missense_variant,ATC,CAG,5,0,20,0
I,242,N,missense_variant,ATC,AAC,2,0,4,0
I,242,M,missense_variant,ATC,ATG,5,2,21,1
I,242,C,missense_variant,ATC,TGC,1,1,26,0
I,242,E,missense_variant,ATC,GAG,9,0,25,0
I,242,D,missense_variant,ATC,GAT,2,0,14,0
I,242,R,missense_variant,ATC,AGA,1,1,12,0
I,242,K,missense_variant,ATC,AAG,0,0,13,0
I,242,H,missense_variant,ATC,CAC,4,0,10,0
I,293,P,missense_variant,ATC,CCT,3,0,17,0
I,293,G,missense_variant,ATC,GGT,1,0,21,0
I,293,Y,missense_variant,ATC,TAC,4,2,23,2
I,293,W,missense_variant,ATC,TGG,1,0,17,0
I,293,F,missense_variant,ATC,TTC,3,1,25,5
I,293,V,missense_variant,ATC,GTG,3,40,22,63
I,293,L,missense_variant,ATC,CTG,7,22,35,21
I,293,A,missense_variant,ATC,GCT,5,0,54,0
I,293,T,missense_variant,ATC,ACC,6,2,26,0
I,293,S,missense_variant,ATC,AGC,2,3,11,13
I,293,Q,missense_variant,ATC,CAG,3,6,20,4
I,293,Q,missense_variant,ATC,CAG,0,0,2,0
I,293,N,missense_variant,ATC,AAC,5,7,15,9
I,293,M,missense_variant,ATC,ATG,1,1,30,2
I,293,C,missense_variant,ATC,TGC,4,0,20,0
I,293,E,missense_variant,ATC,GAG,3,0,28,0
I,293,D,missense_variant,ATC,GAT,6,0,33,0
I,293,R,missense_variant,ATC,AGA,1,0,23,0
I,293,K,missense_variant,ATC,AAG,1,0,14,0
I,293,H,missense_variant,ATC,CAC,2,0,18,0
I,313,P,missense_variant,ATC,CCT,1,0,29,0
I,313,G,missense_variant,ATC,GGT,2,0,51,0
I,313,Y,missense_variant,ATC,TAC,3,0,23,0
I,313,W,missense_variant,ATC,TGG,4,0,9,0
I,313,F,missense_variant,ATC,TTC,3,0,42,0
I,313,V,missense_variant,ATC,GTG,2,0,16,0
I,313,L,missense_variant,ATC,CTG,8,3,38,3
I,313,A,missense_variant,ATC,GCT,10,1,69,2
I,313,T,missense_variant,ATC,ACC,6,0,57,1
I,313,S,missense_variant,ATC,AGC,5,1,34,7
I,313,Q,missense_variant,ATC,CAG,2,0,32,0
I,313,N,missense_variant,ATC,AAC,6,1,12,0
I,313,M,missense_variant,ATC,ATG,1,0,32,0
I,313,C,missense_variant,ATC,TGC,6,0,50,0
I,313,E,missense_variant,ATC,GAG,4,0,13,0
I,313,D,missense_variant,ATC,GAT,8,0,50,0
I,313,R,missense_variant,ATC,AGA,1,0,34,0
I,313,K,missense_variant,ATC,AAG,0,0,1,0
I,313,H,missense_variant,ATC,CAC,2,0,7,0
I,314,P,missense_variant,ATC,CCT,5,0,16,0
I,314,G,missense_variant,ATC,GGT,0,0,8,0
I,314,Y,missense_variant,ATC,TAC,2,0,33,0
I,314,W,missense_variant,ATC,TGG,2,3,28,0
I,314,F,missense_variant,ATC,TTC,8,0,49,0
I,314,V,missense_variant,ATC,GTG,6,67,34,128
I,314,L,missense_variant,ATC,CTG,6,14,96,31
I,314,A,missense_variant,ATC,GCT,2,0,14,0
I,314,T,missense_variant,ATC,ACC,3,0,10,0
I,314,S,missense_variant,ATC,AGC,4,0,50,0
I,314,Q,missense_variant,ATC,CAG,3,0,12,0
I,314,N,missense_variant,ATC,AAC,0,0,13,0
I,314,M,missense_variant,ATC,ATG,4,0,25,1
I,314,C,missense_variant,ATC,TGC,1,16,34,23
I,314,E,missense_variant,ATC,GAG,6,0,36,0
I,314,D,missense_variant,ATC,GAT,11,0,20,0
I,314,R,missense_variant,ATC,AGA,7,0,46,0
I,314,K,missense_variant,ATC,AAG,8,2,28,1
I,314,H,missense_variant,ATC,CAC,1,0,35,0
I,314,H,missense_variant,ATC,CAC,0,0,1,0
K,245,P,missense_variant,AAG,CCT,1,0,6,0
K,245,G,missense_variant,AAG,GGT,0,0,10,38
K,245,Y,missense_variant,AAG,TAC,0,0,8,15
K,245,W,missense_variant,AAG,TGG,5,3,5,6
K,245,F,missense_variant,AAG,TTC,7,52,18,62
K,245,L,missense_variant,AAG,CTG,0,0,3,11
K,245,I,missense_variant,AAG,ATC,0,0,7,2
K,245,A,missense_variant,AAG,GCT,8,16,39,18
K,245,T,missense_variant,AAG,ACC,8,45,32,82
K,245,S,missense_variant,AAG,AGC,10,16,11,28
K,245,Q,missense_variant,AAG,CAG,9,56,21,69
K,245,N,missense_variant,AAG,AAC,1,13,5,26
K,245,M,missense_variant,AAG,ATG,4,43,30,49
K,245,C,missense_variant,AAG,TGC,1,16,13,23
K,245,E,missense_variant,AAG,GAG,5,7,24,14
K,245,D,missense_variant,AAG,GAT,1,0,2,0
K,245,R,missense_variant,AAG,AGA,6,32,15,52
K,245,H,missense_variant,AAG,CAC,0,0,12,18
K,247,P,missense_variant,AAG,CCT,3,6,5,7
K,247,G,missense_variant,AAG,GGT,2,0,5,0
K,247,Y,missense_variant,AAG,TAC,2,8,9,14
K,247,W,missense_variant,AAG,TGG,3,31,45,41
K,247,F,missense_variant,AAG,TTC,2,6,16,15
K,247,V,missense_variant,AAG,GTG,7,60,32,145
K,247,L,missense_variant,AAG,CTG,5,65,13,67
K,247,I,missense_variant,AAG,ATC,4,19,4,51
K,247,A,missense_variant,AAG,GCT,3,12,23,23
K,247,T,missense_variant,AAG,ACC,1,4,12,9
K,247,S,missense_variant,AAG,AGC,1,2,7,2
K,247,Q,missense_variant,AAG,CAG,4,40,36,54
K,247,Q,missense_variant,AAG,CAG,1,1,0,0
K,247,N,missense_variant,AAG,AAC,5,0,50,1
K,247,M,missense_variant,AAG,ATG,13,163,72,255
K,247,C,missense_variant,AAG,TGC,2,0,22,0
K,247,E,missense_variant,AAG,GAG,9,0,32,5
K,247,D,missense_variant,AAG,GAT,0,0,24,0
K,247,R,missense_variant,AAG,AGA,2,54,21,88
K,247,H,missense_variant,AAG,CAC,1,0,11,0
K,262,P,missense_variant,AAG,CCT,8,0,11,0
K,262,G,missense_variant,AAG,GGT,6,35,16,56
K,262,Y,missense_variant,AAG,TAC,9,6,16,28
K,262,W,missense_variant,AAG,TGG,3,36,21,70
K,262,F,missense_variant,AAG,TTC,11,0,36,4
K,262,L,missense_variant,AAG,CTG,0,0,5,13
K,262,I,missense_variant,AAG,ATC,2,16,17,9
K,262,A,missense_variant,AAG,GCT,4,33,25,40
K,262,S,missense_variant,AAG,AGC,2,27,12,66
K,262,Q,missense_variant,AAG,CAG,3,8,8,6
K,262,N,missense_variant,AAG,AAC,7,115,22,167
K,262,M,missense_variant,AAG,ATG,3,22,2,15
K,262,C,missense_variant,AAG,TGC,1,0,1,3
K,262,E,missense_variant,AAG,GAG,2,41,13,43
K,262,D,missense_variant,AAG,GAT,2,48,19,69
K,262,R,missense_variant,AAG,AGA,2,18,7,17
K,262,H,missense_variant,AAG,CAC,2,31,13,62
K,263,P,missense_variant,AAA,CCT,7,61,13,100
K,263,G,missense_variant,AAA,GGT,2,0,15,1
K,263,Y,missense_variant,AAA,TAC,3,0,14,1
K,263,F,missense_variant,AAA,TTC,0,0,1,0
K,263,L,missense_variant,AAA,CTG,0,0,14,4
K,263,I,missense_variant,AAA,ATC,4,9,21,14
K,263,A,missense_variant,AAA,GCT,4,18,8,40
K,263,T,missense_variant,AAA,ACC,0,0,3,46
K,263,S,missense_variant,AAA,AGC,0,0,16,12
K,263,Q,missense_variant,AAA,CAG,1,20,16,35
K,263,N,missense_variant,AAA,AAC,0,0,1,2
K,263,M,missense_variant,AAA,ATG,10,9,29,18
K,263,C,missense_variant,AAA,TGC,0,0,3,7
K,263,E,missense_variant,AAA,GAG,4,5,11,18
K,263,D,missense_variant,AAA,GAT,2,11,11,23
K,263,R,missense_variant,AAA,AGA,4,80,17,142
K,263,H,missense_variant,AAA,CAC,0,0,3,16
K,271,P,missense_variant,AAG,CCT,6,0,27,0
K,271,G,missense_variant,AAG,GGT,6,5,23,7
K,271,Y,missense_variant,AAG,TAC,16,0,43,0
K,271,W,missense_variant,AAG,TGG,5,0,43,0
K,271,F,missense_variant,AAG,TTC,8,0,42,0
K,271,V,missense_variant,AAG,GTG,7,0,58,0
K,271,L,missense_variant,AAG,CTG,5,6,27,6
K,271,I,missense_variant,AAG,ATC,3,0,50,0
K,271,A,missense_variant,AAG,GCT,4,0,5,0
K,271,T,missense_variant,AAG,ACC,7,0,17,0
K,271,S,missense_variant,AAG,AGC,2,0,16,0
K,271,Q,missense_variant,AAG,CAG,12,0,46,0
K,271,N,missense_variant,AAG,AAC,4,0,32,0
K,271,M,missense_variant,AAG,ATG,13,1,84,0
K,271,C,missense_variant,AAG,TGC,8,0,42,0
K,271,E,missense_variant,AAG,GAG,18,1,81,2
K,271,D,missense_variant,AAG,GAT,6,2,32,7
K,271,R,missense_variant,AAG,AGA,1,0,10,0
K,271,H,missense_variant,AAG,CAC,6,0,22,0
K,274,P,missense_variant,AAG,CCT,4,0,12,0
K,274,G,missense_variant,AAG,GGT,3,0,25,0
K,274,Y,missense_variant,AAG,TAC,6,0,28,0
K,274,W,missense_variant,AAG,TGG,8,0,19,0
K,274,F,missense_variant,AAG,TTC,5,0,7,0
K,274,V,missense_variant,AAG,GTG,3,0,24,0
K,274,L,missense_variant,AAG,CTG,2,1,12,0
K,274,I,missense_variant,AAG,ATC,5,7,22,9
K,274,A,missense_variant,AAG,GCT,1,0,5,0
K,274,T,missense_variant,AAG,ACC,4,0,18,0
K,274,S,missense_variant,AAG,AGC,0,0,2,0
K,274,Q,missense_variant,AAG,CAG,7,0,25,1
K,274,N,missense_variant,AAG,AAC,8,0,19,6
K,274,M,missense_variant,AAG,ATG,6,0,34,0
K,274,C,missense_variant,AAG,TGC,2,0,21,2
K,274,E,missense_variant,AAG,GAG,1,1,7,0
K,274,D,missense_variant,AAG,GAT,2,0,20,0
K,274,R,missense_variant,AAG,AGA,2,15,4,32
K,274,H,missense_variant,AAG,CAC,2,0,11,0
K,285,P,missense_variant,AAA,CCT,5,0,22,0
K,285,G,missense_variant,AAA,GGT,2,43,11,46
K,285,Y,missense_variant,AAA,TAC,1,18,11,35
K,285,W,missense_variant,AAA,TGG,4,38,21,39
K,285,F,missense_variant,AAA,TTC,4,52,24,68
K,285,V,missense_variant,AAA,GTG,3,10,26,24
K,285,L,missense_variant,AAA,CTG,3,81,14,118
K,285,I,missense_variant,AAA,ATC,0,0,5,47
K,285,A,missense_variant,AAA,GCT,12,160,37,257
K,285,T,missense_variant,AAA,ACC,1,57,27,105
K,285,S,missense_variant,AAA,AGC,1,74,6,85
K,285,Q,missense_variant,AAA,CAG,3,140,28,217
K,285,N,missense_variant,AAA,AAC,2,24,10,34
K,285,M,missense_variant,AAA,ATG,3,93,15,91
K,285,C,missense_variant,AAA,TGC,1,18,16,39
K,285,E,missense_variant,AAA,GAG,2,68,13,90
K,285,D,missense_variant,AAA,GAT,1,42,38,78
K,285,R,missense_variant,AAA,AGA,4,67,24,118
K,285,H,missense_variant,AAA,CAC,4,92,31,139
K,291,P,missense_variant,AAA,CCT,1,0,6,0
K,291,G,missense_variant,AAA,GGT,7,0,13,0
K,291,Y,missense_variant,AAA,TAC,8,3,38,9
K,291,W,missense_variant,AAA,TGG,5,0,12,0
K,291,F,missense_variant,AAA,TTC,3,0,35,0
K,291,V,missense_variant,AAA,GTG,2,0,24,0
K,291,L,missense_variant,AAA,CTG,9,0,30,0
K,291,I,missense_variant,AAA,ATC,2,0,8,0
K,291,A,missense_variant,AAA,GCT,5,0,41,0
K,291,T,missense_variant,AAA,ACC,3,7,10,8
K,291,S,missense_variant,AAA,AGC,6,0,37,0
K,291,Q,missense_variant,AAA,CAG,2,8,8,7
K,291,N,missense_variant,AAA,AAC,3,0,12,0
K,291,M,missense_variant,AAA,ATG,1,12,10,13
K,291,C,missense_variant,AAA,TGC,4,0,33,0
K,291,E,missense_variant,AAA,GAG,9,0,27,0
K,291,D,missense_variant,AAA,GAT,3,0,12,0
K,291,R,missense_variant,AAA,AGA,3,0,22,0
K,291,H,missense_variant,AAA,CAC,5,0,25,0
K,294,P,missense_variant,AAA,CCT,5,0,58,5
K,294,G,missense_variant,AAA,GGT,0,0,5,23
K,294,Y,missense_variant,AAA,TAC,4,84,26,131
K,294,W,missense_variant,AAA,TGG,1,46,10,78
K,294,F,missense_variant,AAA,TTC,1,56,13,55
K,294,V,missense_variant,AAA,GTG,2,24,20,48
K,294,L,missense_variant,AAA,CTG,0,0,7,38
K,294,I,missense_variant,AAA,ATC,1,25,34,46
K,294,A,missense_variant,AAA,GCT,1,36,11,48
K,294,T,missense_variant,AAA,ACC,4,71,21,106
K,294,S,missense_variant,AAA,AGC,0,0,4,21
K,294,Q,missense_variant,AAA,CAG,4,24,9,41
K,294,N,missense_variant,AAA,AAC,5,42,37,60
K,294,M,missense_variant,AAA,ATG,2,84,22,140
K,294,C,missense_variant,AAA,TGC,6,135,30,191
K,294,E,missense_variant,AAA,GAG,3,36,8,72
K,294,D,missense_variant,AAA,GAT,3,83,33,108
K,294,R,missense_variant,AAA,AGA,2,3,9,15
K,294,H,missense_variant,AAA,CAC,5,85,18,114
L,248,P,missense_variant,CTG,CCT,5,0,62,0
L,248,G,missense_variant,CTG,GGT,3,0,21,0
L,248,Y,missense_variant,CTG,TAC,3,0,19,0
L,248,W,missense_variant,CTG,TGG,2,0,25,0
L,248,F,missense_variant,CTG,TTC,0,0,1,2
L,248,V,missense_variant,CTG,GTG,4,32,75,45
L,248,I,missense_variant,CTG,ATC,2,15,19,13
L,248,T,missense_variant,CTG,ACC,1,3,6,3
L,248,S,missense_variant,CTG,AGC,2,8,21,7
L,248,Q,missense_variant,CTG,CAG,0,0,8,0
L,248,N,missense_variant,CTG,AAC,4,0,28,0
L,248,M,missense_variant,CTG,ATG,0,0,11,37
L,248,C,missense_variant,CTG,TGC,1,51,66,63
L,248,E,missense_variant,CTG,GAG,6,0,33,0
L,248,D,missense_variant,CTG,GAT,2,0,3,0
L,248,R,missense_variant,CTG,AGA,3,22,88,48
L,248,H,missense_variant,CTG,CAC,0,0,29,3
L,266,P,missense_variant,CTG,CCT,3,0,32,0
L,266,G,missense_variant,CTG,GGT,1,0,23,5
L,266,Y,missense_variant,CTG,TAC,22,50,60,70
L,266,W,missense_variant,CTG,TGG,4,25,25,24
L,266,F,missense_variant,CTG,TTC,8,8,28,16
L,266,V,missense_variant,CTG,GTG,7,135,36,198
L,266,I,missense_variant,CTG,ATC,1,36,6,50
L,266,A,missense_variant,CTG,GCT,4,60,27,73
L,266,T,missense_variant,CTG,ACC,1,23,7,23
L,266,S,missense_variant,CTG,AGC,8,9,14,18
L,266,Q,missense_variant,CTG,CAG,3,79,27,102
L,266,N,missense_variant,CTG,AAC,15,7,27,9
L,266,M,missense_variant,CTG,ATG,10,104,19,102
L,266,C,missense_variant,CTG,TGC,4,26,3,72
L,266,C,missense_variant,CTG,TGC,0,0,2,0
L,266,E,missense_variant,CTG,GAG,8,23,25,53
L,266,D,missense_variant,CTG,GAT,10,0,45,0
L,266,R,missense_variant,CTG,AGA,2,49,12,90
L,266,K,missense_variant,CTG,AAG,1,28,3,70
L,266,H,missense_variant,CTG,CAC,5,15,12,23
L,273,P,missense_variant,TTG,CCT,1,36,14,56
L,273,G,missense_variant,TTG,GGT,3,16,17,17
L,273,Y,missense_variant,TTG,TAC,6,60,21,98
L,273,W,missense_variant,TTG,TGG,7,22,24,30
L,273,F,missense_variant,TTG,TTC,10,95,33,118
L,273,V,missense_variant,TTG,GTG,0,0,4,31
L,273,I,missense_variant,TTG,ATC,8,56,14,77
L,273,A,missense_variant,TTG,GCT,3,27,10,45
L,273,T,missense_variant,TTG,ACC,1,15,10,26
L,273,S,missense_variant,TTG,AGC,0,0,19,28
L,273,Q,missense_variant,TTG,CAG,16,156,31,243
L,273,Q,missense_variant,TTG,CAG,2,0,9,0
L,273,N,missense_variant,TTG,AAC,0,0,8,21
L,273,M,missense_variant,TTG,ATG,3,61,4,102
L,273,C,missense_variant,TTG,TGC,5,20,11,27
L,273,E,missense_variant,TTG,GAG,4,0,24,0
L,273,D,missense_variant,TTG,GAT,9,0,10,0
L,273,R,missense_variant,TTG,AGA,4,98,65,188
L,273,K,missense_variant,TTG,AAG,2,42,11,69
L,273,H,missense_variant,TTG,CAC,1,3,0,0
L,284,P,missense_variant,TTG,CCT,2,0,29,0
L,284,G,missense_variant,TTG,GGT,1,0,45,0
L,284,Y,missense_variant,TTG,TAC,2,6,36,22
L,284,W,missense_variant,TTG,TGG,7,35,32,55
L,284,F,missense_variant,TTG,TTC,4,56,12,74
L,284,V,missense_variant,TTG,GTG,1,1,11,0
L,284,I,missense_variant,TTG,ATC,2,7,21,6
L,284,A,missense_variant,TTG,GCT,1,18,57,27
L,284,T,missense_variant,TTG,ACC,2,0,12,0
L,284,S,missense_variant,TTG,AGC,2,1,21,1
L,284,Q,missense_variant,TTG,CAG,4,3,24,6
L,284,N,missense_variant,TTG,AAC,3,0,21,0
L,284,M,missense_variant,TTG,ATG,3,72,29,102
L,284,C,missense_variant,TTG,TGC,2,3,31,6
L,284,E,missense_variant,TTG,GAG,5,0,18,1
L,284,D,missense_variant,TTG,GAT,2,0,12,0
L,284,R,missense_variant,TTG,AGA,1,0,28,0
L,284,K,missense_variant,TTG,AAG,8,25,29,53
L,284,H,missense_variant,TTG,CAC,5,37,41,53
L,298,P,missense_variant,CTG,CCT,3,0,21,0
L,298,G,missense_variant,CTG,GGT,3,0,24,0
L,298,Y,missense_variant,CTG,TAC,0,0,4,0
L,298,W,missense_variant,CTG,TGG,2,0,17,0
L,298,F,missense_variant,CTG,TTC,3,27,22,20
L,298,I,missense_variant,CTG,ATC,2,45,12,66
L,298,A,missense_variant,CTG,GCT,2,47,45,46
L,298,T,missense_variant,CTG,ACC,4,49,52,68
L,298,T,missense_variant,CTG,ACC,4,0,8,0
L,298,S,missense_variant,CTG,AGC,9,0,57,3
L,298,Q,missense_variant,CTG,CAG,0,0,25,1
L,298,N,missense_variant,CTG,AAC,3,0,10,0
L,298,N,missense_variant,CTG,AAC,6,13,19,14
L,298,M,missense_variant,CTG,ATG,1,17,6,22
L,298,M,missense_variant,CTG,ATG,2,10,23,14
L,298,C,missense_variant,CTG,TGC,1,49,47,89
L,298,E,missense_variant,CTG,GAG,2,0,9,0
L,298,D,missense_variant,CTG,GAT,0,0,27,2
L,298,R,missense_variant,CTG,AGA,1,0,33,0
L,298,K,missense_variant,CTG,AAG,1,0,12,0
L,298,K,missense_variant,CTG,AAG,1,0,37,0
L,298,H,missense_variant,CTG,CAC,3,19,21,21
L,301,P,missense_variant,CTC,CCT,2,0,27,0
L,301,G,missense_variant,CTC,GGT,4,0,34,0
L,301,Y,missense_variant,CTC,TAC,2,0,24,0
L,301,W,missense_variant,CTC,TGG,3,4,25,2
L,301,F,missense_variant,CTC,TTC,0,0,18,0
L,301,V,missense_variant,CTC,GTG,4,0,62,0
L,301,I,missense_variant,CTC,ATC,3,0,9,0
L,301,A,missense_variant,CTC,GCT,1,0,32,0
L,301,T,missense_variant,CTC,ACC,2,0,2,0
L,301,Q,missense_variant,CTC,CAG,4,3,40,5
L,301,M,missense_variant,CTC,ATG,1,0,13,0
L,301,C,missense_variant,CTC,TGC,5,0,40,0
L,301,E,missense_variant,CTC,GAG,3,0,37,0
L,301,D,missense_variant,CTC,GAT,3,0,25,0
L,301,R,missense_variant,CTC,AGA,1,0,8,0
L,301,K,missense_variant,CTC,AAG,1,0,26,0
L,301,H,missense_variant,CTC,CAC,0,0,12,0
L,302,P,missense_variant,CTT,CCT,0,0,8,0
L,302,G,missense_variant,CTT,GGT,2,0,15,0
L,302,Y,missense_variant,CTT,TAC,1,18,19,50
L,302,W,missense_variant,CTT,TGG,2,5,21,5
L,302,F,missense_variant,CTT,TTC,2,17,7,27
L,302,V,missense_variant,CTT,GTG,0,0,5,18
L,302,I,missense_variant,CTT,ATC,2,29,8,34
L,302,A,missense_variant,CTT,GCT,1,0,12,0
L,302,T,missense_variant,CTT,ACC,4,0,50,0
L,302,S,missense_variant,CTT,AGC,0,0,22,0
L,302,Q,missense_variant,CTT,CAG,3,4,16,1
L,302,N,missense_variant,CTT,AAC,1,0,11,0
L,302,M,missense_variant,CTT,ATG,4,50,19,47
L,302,C,missense_variant,CTT,TGC,4,4,18,3
L,302,E,missense_variant,CTT,GAG,3,0,28,0
L,302,D,missense_variant,CTT,GAT,4,0,11,0
L,302,R,missense_variant,CTT,AGA,1,0,28,0
L,302,K,missense_variant,CTT,AAG,0,0,13,2
L,302,H,missense_variant,CTT,CAC,0,0,5,13
M,244,P,missense_variant,ATG,CCT,6,0,34,0
M,244,G,missense_variant,ATG,GGT,6,0,22,0
M,244,Y,missense_variant,ATG,TAC,0,0,9,0
M,244,W,missense_variant,ATG,TGG,0,0,5,0
M,244,F,missense_variant,ATG,TTC,3,0,25,0
M,244,V,missense_variant,ATG,GTG,2,30,26,61
M,244,I,missense_variant,ATG,ATC,1,64,16,97
M,244,A,missense_variant,ATG,GCT,4,0,10,0
M,244,T,missense_variant,ATG,ACC,1,25,23,48
M,244,Q,missense_variant,ATG,CAG,4,0,20,0
M,244,N,missense_variant,ATG,AAC,4,0,20,0
M,244,C,missense_variant,ATG,TGC,3,9,2,4
M,244,E,missense_variant,ATG,GAG,2,0,37,0
M,244,D,missense_variant,ATG,GAT,9,4,15,4
M,244,R,missense_variant,ATG,AGA,5,0,15,0
M,244,K,missense_variant,ATG,AAG,16,0,36,0
M,244,H,missense_variant,ATG,CAC,2,0,20,0
M,278,P,missense_variant,ATG,CCT,5,0,19,2
M,278,G,missense_variant,ATG,GGT,2,42,9,56
M,278,Y,missense_variant,ATG,TAC,6,58,20,137
M,278,W,missense_variant,ATG,TGG,11,65,57,110
M,278,F,missense_variant,ATG,TTC,2,15,9,9
M,278,V,missense_variant,ATG,GTG,5,0,29,0
M,278,L,missense_variant,ATG,CTG,6,3,42,4
M,278,I,missense_variant,ATG,ATC,5,0,23,0
M,278,A,missense_variant,ATG,GCT,3,62,13,69
M,278,T,missense_variant,ATG,ACC,0,0,9,77
M,278,S,missense_variant,ATG,AGC,1,27,8,46
M,278,Q,missense_variant,ATG,CAG,6,58,26,83
M,278,N,missense_variant,ATG,AAC,1,64,19,112
M,278,C,missense_variant,ATG,TGC,3,21,12,30
M,278,E,missense_variant,ATG,GAG,3,19,9,38
M,278,D,missense_variant,ATG,GAT,2,36,13,59
M,278,R,missense_variant,ATG,AGA,7,0,29,0
M,278,K,missense_variant,ATG,AAG,3,0,29,0
M,278,H,missense_variant,ATG,CAC,2,12,18,23
M,290,P,missense_variant,ATG,CCT,3,0,27,0
M,290,G,missense_variant,ATG,GGT,1,0,22,0
M,290,Y,missense_variant,ATG,TAC,8,0,41,0
M,290,Y,missense_variant,ATG,TAC,0,0,1,0
M,290,W,missense_variant,ATG,TGG,9,0,56,0
M,290,F,missense_variant,ATG,TTC,4,6,12,9
M,290,V,missense_variant,ATG,GTG,1,0,7,0
M,290,L,missense_variant,ATG,CTG,6,0,39,4
M,290,I,missense_variant,ATG,ATC,2,0,14,0
M,290,A,missense_variant,ATG,GCT,3,0,23,0
M,290,T,missense_variant,ATG,ACC,1,0,17,0
M,290,S,missense_variant,ATG,AGC,3,0,20,0
M,290,Q,missense_variant,ATG,CAG,7,0,45,0
M,290,N,missense_variant,ATG,AAC,2,1,11,0
M,290,C,missense_variant,ATG,TGC,6,0,30,0
M,290,E,missense_variant,ATG,GAG,3,0,23,0
M,290,D,missense_variant,ATG,GAT,2,0,26,0
M,290,R,missense_variant,ATG,AGA,3,0,7,0
M,290,K,missense_variant,ATG,AAG,4,0,45,0
M,290,H,missense_variant,ATG,CAC,3,10,10,21
M,318,P,missense_variant,ATG,CCT,12,0,40,0
M,318,G,missense_variant,ATG,GGT,4,0,39,0
M,318,Y,missense_variant,ATG,TAC,0,0,17,0
M,318,W,missense_variant,ATG,TGG,3,0,23,0
M,318,F,missense_variant,ATG,TTC,1,0,9,0
M,318,V,missense_variant,ATG,GTG,4,23,25,29
M,318,L,missense_variant,ATG,CTG,3,44,21,56
M,318,I,missense_variant,ATG,ATC,4,9,25,24
M,318,A,missense_variant,ATG,GCT,2,0,1,1
M,318,T,missense_variant,ATG,ACC,2,0,33,0
M,318,S,missense_variant,ATG,AGC,0,0,22,0
M,318,Q,missense_variant,ATG,CAG,1,0,19,0
M,318,N,missense_variant,ATG,AAC,1,0,6,0
M,318,C,missense_variant,ATG,TGC,1,63,34,80
M,318,E,missense_variant,ATG,GAG,2,1,11,0
M,318,D,missense_variant,ATG,GAT,5,0,34,0
M,318,R,missense_variant,ATG,AGA,7,0,53,0
M,318,K,missense_variant,ATG,AAG,4,0,19,0
M,318,H,missense_variant,ATG,CAC,5,13,29,15
N,297,P,missense_variant,AAC,CCT,2,0,45,0
N,297,G,missense_variant,AAC,GGT,3,30,17,55
N,297,Y,missense_variant,AAC,TAC,3,42,21,56
N,297,W,missense_variant,AAC,TGG,3,0,41,0
N,297,F,missense_variant,AAC,TTC,4,36,26,70
N,297,V,missense_variant,AAC,GTG,7,0,43,0
N,297,L,missense_variant,AAC,CTG,6,0,30,0
N,297,I,missense_variant,AAC,ATC,5,0,51,0
N,297,A,missense_variant,AAC,GCT,3,28,31,47
N,297,T,missense_variant,AAC,ACC,4,5,28,2
N,297,S,missense_variant,AAC,AGC,0,0,7,19
N,297,Q,missense_variant,AAC,CAG,2,12,15,19
N,297,M,missense_variant,AAC,ATG,3,0,35,0
N,297,C,missense_variant,AAC,TGC,6,72,50,127
N,297,E,missense_variant,AAC,GAG,4,0,61,0
N,297,D,missense_variant,AAC,GAT,1,0,13,0
N,297,R,missense_variant,AAC,AGA,6,52,29,79
N,297,K,missense_variant,AAC,AAG,9,68,50,137
N,297,H,missense_variant,AAC,CAC,5,84,41,116
N,322,T,missense_variant,AAC,ACC,0,0,1,0
N,322,S,missense_variant,AAC,AGC,0,0,1,1
P,296,G,missense_variant,CCT,GGT,2,40,22,51
P,296,Y,missense_variant,CCT,TAC,0,0,4,17
P,296,W,missense_variant,CCT,TGG,6,49,70,108
P,296,F,missense_variant,CCT,TTC,7,64,28,98
P,296,V,missense_variant,CCT,GTG,1,40,12,92
P,296,L,missense_variant,CCT,CTG,3,30,17,57
P,296,I,missense_variant,CCT,ATC,11,46,51,92
P,296,A,missense_variant,CCT,GCT,4,80,28,118
P,296,T,missense_variant,CCT,ACC,2,32,22,21
P,296,S,missense_variant,CCT,AGC,3,73,22,113
P,296,Q,missense_variant,CCT,CAG,2,78,14,127
P,296,N,missense_variant,CCT,AAC,2,28,2,42
P,296,M,missense_variant,CCT,ATG,7,30,56,41
P,296,C,missense_variant,CCT,TGC,7,55,18,89
P,296,E,missense_variant,CCT,GAG,2,70,35,84
P,296,D,missense_variant,CCT,GAT,3,73,17,64
P,296,R,missense_variant,CCT,AGA,8,97,16,141
P,296,K,missense_variant,CCT,AAG,5,56,9,64
P,296,H,missense_variant,CCT,CAC,4,59,23,66
P,309,Y,missense_variant,CCC,TAC,1,0,1,0
P,309,W,missense_variant,CCC,TGG,0,0,3,0
P,309,V,missense_variant,CCC,GTG,0,0,2,0
P,309,L,missense_variant,CCC,CTG,0,0,16,0
P,309,I,missense_variant,CCC,ATC,3,0,15,0
P,309,T,missense_variant,CCC,ACC,3,1,11,3
P,309,S,missense_variant,CCC,AGC,3,0,8,0
P,309,N,missense_variant,CCC,AAC,1,0,8,0
P,309,M,missense_variant,CCC,ATG,0,0,3,3
P,309,C,missense_variant,CCC,TGC,1,0,19,0
P,309,E,missense_variant,CCC,GAG,1,2,10,1
P,309,D,missense_variant,CCC,GAT,1,0,6,0
P,309,R,missense_variant,CCC,AGA,1,1,16,2
P,309,K,missense_variant,CCC,AAG,2,0,0,0
P,309,H,missense_variant,CCC,CAC,0,0,8,1
P,310,G,missense_variant,CCG,GGT,0,0,4,0
P,310,Y,missense_variant,CCG,TAC,0,0,2,0
P,310,W,missense_variant,CCG,TGG,0,0,1,0
P,310,W,missense_variant,CCG,TGG,3,0,20,0
P,310,V,missense_variant,CCG,GTG,0,0,12,0
P,310,L,missense_variant,CCG,CTG,1,7,28,6
P,310,T,missense_variant,CCG,ACC,2,7,9,3
P,310,S,missense_variant,CCG,AGC,3,0,17,0
P,310,Q,missense_variant,CCG,CAG,1,2,15,4
P,310,N,missense_variant,CCG,AAC,1,0,0,0
P,310,M,missense_variant,CCG,ATG,5,0,28,1
P,310,C,missense_variant,CCG,TGC,0,0,1,0
P,310,E,missense_variant,CCG,GAG,3,0,8,1
P,310,R,missense_variant,CCG,AGA,1,0,2,0
P,310,K,missense_variant,CCG,AAG,1,0,0,0
P,310,H,missense_variant,CCG,CAC,2,0,3,0
Q,252,P,missense_variant,CAG,CCT,5,0,30,0
Q,252,G,missense_variant,CAG,GGT,2,8,25,10
Q,252,Y,missense_variant,CAG,TAC,1,8,6,16
Q,252,W,missense_variant,CAG,TGG,4,4,8,9
Q,252,F,missense_variant,CAG,TTC,1,2,1,0
Q,252,V,missense_variant,CAG,GTG,5,54,9,94
Q,252,L,missense_variant,CAG,CTG,3,0,31,0
Q,252,I,missense_variant,CAG,ATC,4,0,49,0
Q,252,A,missense_variant,CAG,GCT,2,61,10,63
Q,252,T,missense_variant,CAG,ACC,3,71,39,128
Q,252,S,missense_variant,CAG,AGC,1,7,6,6
Q,252,N,missense_variant,CAG,AAC,4,12,28,53
Q,252,M,missense_variant,CAG,ATG,2,18,9,43
Q,252,C,missense_variant,CAG,TGC,0,0,11,55
Q,252,E,missense_variant,CAG,GAG,1,23,5,26
Q,252,D,missense_variant,CAG,GAT,0,0,8,0
Q,252,R,missense_variant,CAG,AGA,4,0,10,1
Q,252,K,missense_variant,CAG,AAG,5,4,6,4
Q,252,H,missense_variant,CAG,CAC,1,15,22,18
Q,300,P,missense_variant,CAG,CCT,1,0,4,0
Q,300,G,missense_variant,CAG,GGT,1,42,10,43
Q,300,Y,missense_variant,CAG,TAC,1,3,19,2
Q,300,W,missense_variant,CAG,TGG,1,1,27,0
Q,300,F,missense_variant,CAG,TTC,3,3,25,2
Q,300,V,missense_variant,CAG,GTG,1,9,2,7
Q,300,L,missense_variant,CAG,CTG,2,10,25,37
Q,300,I,missense_variant,CAG,ATC,4,32,25,54
Q,300,A,missense_variant,CAG,GCT,0,0,23,68
Q,300,T,missense_variant,CAG,ACC,0,0,4,55
Q,300,S,missense_variant,CAG,AGC,0,0,10,61
Q,300,N,missense_variant,CAG,AAC,1,2,12,5
Q,300,M,missense_variant,CAG,ATG,1,81,38,96
Q,300,C,missense_variant,CAG,TGC,2,26,7,28
Q,300,E,missense_variant,CAG,GAG,0,0,7,29
Q,300,D,missense_variant,CAG,GAT,2,15,27,19
Q,300,R,missense_variant,CAG,AGA,4,12,9,16
Q,300,K,missense_variant,CAG,AAG,3,37,19,42
Q,300,H,missense_variant,CAG,CAC,7,18,32,27
R,307,P,missense_variant,CGG,CCT,0,0,1,0
R,307,G,missense_variant,CGG,GGT,5,0,28,1
R,307,Y,missense_variant,CGG,TAC,6,18,41,23
R,307,W,missense_variant,CGG,TGG,2,3,22,5
R,307,F,missense_variant,CGG,TTC,1,4,1,1
R,307,V,missense_variant,CGG,GTG,2,1,6,10
R,307,I,missense_variant,CGG,ATC,1,14,4,13
R,307,A,missense_variant,CGG,GCT,10,17,57,16
R,307,T,missense_variant,CGG,ACC,3,14,32,19
R,307,Q,missense_variant,CGG,CAG,2,23,20,40
R,307,N,missense_variant,CGG,AAC,4,14,22,37
R,307,M,missense_variant,CGG,ATG,0,0,26,81
R,307,C,missense_variant,CGG,TGC,2,19,13,29
R,307,E,missense_variant,CGG,GAG,2,0,17,0
R,307,D,missense_variant,CGG,GAT,2,0,29,0
R,307,K,missense_variant,CGG,AAG,1,33,7,46
R,307,H,missense_variant,CGG,CAC,2,4,19,9
S,265,P,missense_variant,AGC,CCT,6,4,12,4
S,265,G,missense_variant,AGC,GGT,4,59,31,113
S,265,Y,missense_variant,AGC,TAC,0,0,16,21
S,265,W,missense_variant,AGC,TGG,6,23,9,48
S,265,F,missense_variant,AGC,TTC,1,36,16,53
S,265,V,missense_variant,AGC,GTG,1,10,14,9
S,265,L,missense_variant,AGC,CTG,1,36,7,37
S,265,I,missense_variant,AGC,ATC,0,0,9,2
S,265,A,missense_variant,AGC,GCT,1,2,5,9
S,265,T,missense_variant,AGC,ACC,3,10,14,22
S,265,Q,missense_variant,AGC,CAG,2,25,3,29
S,265,N,missense_variant,AGC,AAC,5,35,21,72
S,265,M,missense_variant,AGC,ATG,0,0,16,131
S,265,C,missense_variant,AGC,TGC,3,30,15,65
S,265,E,missense_variant,AGC,GAG,1,21,5,36
S,265,D,missense_variant,AGC,GAT,1,14,15,20
S,265,R,missense_variant,AGC,AGA,5,28,13,69
S,265,K,missense_variant,AGC,AAG,6,57,30,129
S,265,H,missense_variant,AGC,CAC,4,26,14,27
T,240,M,missense_variant,ACG,ATG,2,5,7,11
T,240,K,missense_variant,ACG,AAG,0,0,3,1
T,243,P,missense_variant,ACC,CCT,6,0,38,0
T,243,G,missense_variant,ACC,GGT,4,15,20,22
T,243,W,missense_variant,ACC,TGG,2,31,17,63
T,243,F,missense_variant,ACC,TTC,1,18,1,28
T,243,V,missense_variant,ACC,GTG,3,39,8,53
T,243,L,missense_variant,ACC,CTG,0,0,1,22
T,243,I,missense_variant,ACC,ATC,2,47,15,42
T,243,A,missense_variant,ACC,GCT,0,0,8,20
T,243,S,missense_variant,ACC,AGC,2,23,13,30
T,243,Q,missense_variant,ACC,CAG,3,44,8,78
T,243,N,missense_variant,ACC,AAC,6,108,54,164
T,243,M,missense_variant,ACC,ATG,3,29,11,34
T,243,E,missense_variant,ACC,GAG,3,29,28,53
T,243,D,missense_variant,ACC,GAT,1,36,14,54
T,243,R,missense_variant,ACC,AGA,7,29,30,50
T,243,K,missense_variant,ACC,AAG,4,51,8,78
T,243,H,missense_variant,ACC,CAC,1,29,12,51
T,267,P,missense_variant,ACG,CCT,6,124,23,182
T,267,G,missense_variant,ACG,GGT,7,6,23,19
T,267,Y,missense_variant,ACG,TAC,6,21,49,37
T,267,W,missense_variant,ACG,TGG,3,0,29,0
T,267,F,missense_variant,ACG,TTC,2,1,15,2
T,267,L,missense_variant,ACG,CTG,9,49,23,107
T,267,I,missense_variant,ACG,ATC,0,0,2,9
T,267,A,missense_variant,ACG,GCT,3,73,12,115
T,267,S,missense_variant,ACG,AGC,0,0,17,73
T,267,Q,missense_variant,ACG,CAG,0,0,14,68
T,267,N,missense_variant,ACG,AAC,1,29,12,50
T,267,M,missense_variant,ACG,ATG,2,29,6,36
T,267,C,missense_variant,ACG,TGC,4,75,23,94
T,267,E,missense_variant,ACG,GAG,1,17,7,24
T,267,D,missense_variant,ACG,GAT,3,19,15,21
T,267,R,missense_variant,ACG,AGA,3,36,6,47
T,267,K,missense_variant,ACG,AAG,6,40,18,54
T,267,H,missense_variant,ACG,CAC,1,6,6,11
T,272,P,missense_variant,ACC,CCT,3,0,20,0
T,272,G,missense_variant,ACC,GGT,7,0,25,0
T,272,Y,missense_variant,ACC,TAC,3,0,26,0
T,272,W,missense_variant,ACC,TGG,2,0,42,0
T,272,F,missense_variant,ACC,TTC,7,0,33,0
T,272,V,missense_variant,ACC,GTG,3,0,10,0
T,272,L,missense_variant,ACC,CTG,10,0,26,0
T,272,I,missense_variant,ACC,ATC,5,0,21,0
T,272,A,missense_variant,ACC,GCT,4,0,22,0
T,272,S,missense_variant,ACC,AGC,3,0,13,2
T,272,Q,missense_variant,ACC,CAG,7,0,23,0
T,272,N,missense_variant,ACC,AAC,3,0,14,0
T,272,M,missense_variant,ACC,ATG,8,1,24,0
T,272,C,missense_variant,ACC,TGC,7,2,37,7
T,272,E,missense_variant,ACC,GAG,2,0,34,0
T,272,D,missense_variant,ACC,GAT,3,0,36,0
T,272,R,missense_variant,ACC,AGA,3,0,11,0
T,272,K,missense_variant,ACC,AAG,7,0,18,1
T,272,H,missense_variant,ACC,CAC,0,0,7,0
T,277,P,missense_variant,ACC,CCT,6,0,33,1
T,277,G,missense_variant,ACC,GGT,2,16,13,43
T,277,Y,missense_variant,ACC,TAC,4,30,16,64
T,277,W,missense_variant,ACC,TGG,5,43,31,84
T,277,F,missense_variant,ACC,TTC,5,15,21,38
T,277,V,missense_variant,ACC,GTG,6,66,27,126
T,277,L,missense_variant,ACC,CTG,6,23,27,33
T,277,I,missense_variant,ACC,ATC,5,17,19,39
T,277,A,missense_variant,ACC,GCT,2,22,5,43
T,277,S,missense_variant,ACC,AGC,0,0,9,27
T,277,Q,missense_variant,ACC,CAG,1,15,5,18
T,277,N,missense_variant,ACC,AAC,3,49,9,93
T,277,M,missense_variant,ACC,ATG,2,15,6,28
T,277,C,missense_variant,ACC,TGC,5,36,16,53
T,277,E,missense_variant,ACC,GAG,1,12,3,20
T,277,D,missense_variant,ACC,GAT,2,16,17,30
T,277,R,missense_variant,ACC,AGA,5,17,7,36
T,277,K,missense_variant,ACC,AAG,1,29,19,43
T,277,H,missense_variant,ACC,CAC,3,40,8,65
T,306,P,missense_variant,ACC,CCT,6,0,67,0
T,306,G,missense_variant,ACC,GGT,5,0,27,0
T,306,Y,missense_variant,ACC,TAC,3,0,24,0
T,306,W,missense_variant,ACC,TGG,6,0,30,0
T,306,F,missense_variant,ACC,TTC,4,27,15,39
T,306,V,missense_variant,ACC,GTG,2,0,9,0
T,306,L,missense_variant,ACC,CTG,2,36,5,42
T,306,I,missense_variant,ACC,ATC,4,1,32,5
T,306,A,missense_variant,ACC,GCT,2,1,6,0
T,306,S,missense_variant,ACC,AGC,1,24,10,25
T,306,Q,missense_variant,ACC,CAG,1,7,14,10
T,306,N,missense_variant,ACC,AAC,3,4,18,3
T,306,M,missense_variant,ACC,ATG,1,11,9,36
T,306,C,missense_variant,ACC,TGC,4,4,64,2
T,306,E,missense_variant,ACC,GAG,0,0,20,3
T,306,D,missense_variant,ACC,GAT,5,0,61,0
T,306,R,missense_variant,ACC,AGA,3,1,67,0
T,306,K,missense_variant,ACC,AAG,4,0,47,0
T,306,H,missense_variant,ACC,CAC,3,0,28,0
T,315,P,missense_variant,ACT,CCT,9,1,52,0
T,315,G,missense_variant,ACT,GGT,8,0,71,0
T,315,Y,missense_variant,ACT,TAC,0,0,11,0
T,315,W,missense_variant,ACT,TGG,0,0,9,0
T,315,F,missense_variant,ACT,TTC,0,0,36,4
T,315,V,missense_variant,ACT,GTG,3,83,34,112
T,315,L,missense_variant,ACT,CTG,3,94,61,115
T,315,I,missense_variant,ACT,ATC,3,24,8,32
T,315,A,missense_variant,ACT,GCT,0,0,21,33
T,315,S,missense_variant,ACT,AGC,2,11,19,9
T,315,Q,missense_variant,ACT,CAG,0,0,5,0
T,315,N,missense_variant,ACT,AAC,1,0,17,0
T,315,M,missense_variant,ACT,ATG,3,15,17,13
T,315,C,missense_variant,ACT,TGC,0,0,14,23
T,315,E,missense_variant,ACT,GAG,1,21,18,22
T,315,D,missense_variant,ACT,GAT,0,0,11,0
T,315,R,missense_variant,ACT,AGA,5,0,33,0
T,315,K,missense_variant,ACT,AAG,6,0,45,0
T,315,H,missense_variant,ACT,CAC,4,0,32,0
T,319,P,missense_variant,ACC,CCT,0,0,2,3
T,319,Y,missense_variant,ACC,TAC,5,35,14,39
T,319,F,missense_variant,ACC,TTC,4,42,22,56
T,319,V,missense_variant,ACC,GTG,0,0,1,2
T,319,I,missense_variant,ACC,ATC,3,104,33,117
T,319,S,missense_variant,ACC,AGC,0,0,8,89
T,319,N,missense_variant,ACC,AAC,2,49,24,77
T,319,M,missense_variant,ACC,ATG,1,19,5,30
T,319,C,missense_variant,ACC,TGC,2,34,0,0
T,319,E,missense_variant,ACC,GAG,0,0,2,1
T,319,D,missense_variant,ACC,GAT,1,2,0,0
T,319,R,missense_variant,ACC,AGA,0,0,13,6
T,319,K,missense_variant,ACC,AAG,1,17,3,16
T,319,H,missense_variant,ACC,CAC,1,18,5,28
V,256,P,missense_variant,GTG,CCT,2,0,29,0
V,256,G,missense_variant,GTG,GGT,1,0,10,0
V,256,Y,missense_variant,GTG,TAC,3,0,24,0
V,256,W,missense_variant,GTG,TGG,4,0,18,0
V,256,F,missense_variant,GTG,TTC,6,2,20,0
V,256,L,missense_variant,GTG,CTG,3,0,41,0
V,256,I,missense_variant,GTG,ATC,8,14,55,16
V,256,A,missense_variant,GTG,GCT,13,0,50,0
V,256,T,missense_variant,GTG,ACC,2,0,13,0
V,256,S,missense_variant,GTG,AGC,3,0,18,0
V,256,Q,missense_variant,GTG,CAG,12,0,55,0
V,256,N,missense_variant,GTG,AAC,14,1,78,0
V,256,M,missense_variant,GTG,ATG,10,2,37,4
V,256,C,missense_variant,GTG,TGC,1,0,42,0
V,256,E,missense_variant,GTG,GAG,10,2,29,2
V,256,D,missense_variant,GTG,GAT,8,0,43,0
V,256,R,missense_variant,GTG,AGA,4,0,25,0
V,256,K,missense_variant,GTG,AAG,2,0,16,0
V,256,H,missense_variant,GTG,CAC,3,0,27,0
V,260,P,missense_variant,GTG,CCT,3,0,29,0
V,260,G,missense_variant,GTG,GGT,3,3,14,5
V,260,Y,missense_variant,GTG,TAC,1,13,6,29
V,260,W,missense_variant,GTG,TGG,7,33,18,99
V,260,F,missense_variant,GTG,TTC,3,24,14,33
V,260,L,missense_variant,GTG,CTG,3,9,3,23
V,260,I,missense_variant,GTG,ATC,14,101,15,104
V,260,A,missense_variant,GTG,GCT,6,29,29,47
V,260,T,missense_variant,GTG,ACC,3,15,6,25
V,260,S,missense_variant,GTG,AGC,4,19,13,25
V,260,Q,missense_variant,GTG,CAG,1,15,10,38
V,260,N,missense_variant,GTG,AAC,8,41,13,78
V,260,M,missense_variant,GTG,ATG,4,43,28,66
V,260,C,missense_variant,GTG,TGC,2,58,14,79
V,260,E,missense_variant,GTG,GAG,2,14,7,14
V,260,R,missense_variant,GTG,AGA,0,0,9,32
V,260,K,missense_variant,GTG,AAG,4,22,14,26
V,260,H,missense_variant,GTG,CAC,1,2,6,8
V,268,P,missense_variant,GTG,CCT,10,0,47,0
V,268,G,missense_variant,GTG,GGT,15,4,28,1
V,268,Y,missense_variant,GTG,TAC,3,0,8,0
V,268,W,missense_variant,GTG,TGG,8,0,28,0
V,268,F,missense_variant,GTG,TTC,2,7,16,7
V,268,L,missense_variant,GTG,CTG,3,0,34,0
V,268,I,missense_variant,GTG,ATC,12,73,37,72
V,268,A,missense_variant,GTG,GCT,0,0,3,0
V,268,T,missense_variant,GTG,ACC,5,0,15,0
V,268,S,missense_variant,GTG,AGC,5,0,32,0
V,268,Q,missense_variant,GTG,CAG,7,0,14,0
V,268,N,missense_variant,GTG,AAC,4,2,28,0
V,268,M,missense_variant,GTG,ATG,11,5,29,5
V,268,C,missense_variant,GTG,TGC,10,103,50,221
V,268,C,missense_variant,GTG,TGC,1,0,18,0
V,268,E,missense_variant,GTG,GAG,3,0,21,3
V,268,D,missense_variant,GTG,GAT,3,0,46,0
V,268,R,missense_variant,GTG,AGA,13,0,35,1
V,268,K,missense_variant,GTG,AAG,3,0,24,0
V,268,H,missense_variant,GTG,CAC,4,0,22,0
V,270,P,missense_variant,GTG,CCT,13,0,81,0
V,270,G,missense_variant,GTG,GGT,1,0,23,0
V,270,Y,missense_variant,GTG,TAC,1,0,7,0
V,270,W,missense_variant,GTG,TGG,9,0,34,0
V,270,F,missense_variant,GTG,TTC,0,0,13,0
V,270,L,missense_variant,GTG,CTG,4,1,26,3
V,270,I,missense_variant,GTG,ATC,4,56,24,75
V,270,A,missense_variant,GTG,GCT,2,0,11,0
V,270,T,missense_variant,GTG,ACC,4,0,13,0
V,270,S,missense_variant,GTG,AGC,25,0,90,0
V,270,Q,missense_variant,GTG,CAG,6,0,36,0
V,270,N,missense_variant,GTG,AAC,11,0,41,0
V,270,M,missense_variant,GTG,ATG,6,9,61,31
V,270,C,missense_variant,GTG,TGC,14,13,40,41
V,270,E,missense_variant,GTG,GAG,5,0,11,0
V,270,D,missense_variant,GTG,GAT,7,1,23,3
V,270,R,missense_variant,GTG,AGA,7,0,36,0
V,270,K,missense_variant,GTG,AAG,9,0,38,0
V,270,H,missense_variant,GTG,CAC,8,0,33,0
V,280,P,missense_variant,GTG,CCT,0,0,3,18
V,280,G,missense_variant,GTG,GGT,3,54,23,81
V,280,Y,missense_variant,GTG,TAC,1,20,7,22
V,280,W,missense_variant,GTG,TGG,2,14,15,18
V,280,F,missense_variant,GTG,TTC,2,48,10,61
V,280,L,missense_variant,GTG,CTG,5,76,24,101
V,280,I,missense_variant,GTG,ATC,2,117,31,161
V,280,A,missense_variant,GTG,GCT,8,117,11,175
V,280,T,missense_variant,GTG,ACC,3,13,14,14
V,280,S,missense_variant,GTG,AGC,1,12,2,6
V,280,Q,missense_variant,GTG,CAG,1,26,10,29
V,280,N,missense_variant,GTG,AAC,1,13,2,16
V,280,M,missense_variant,GTG,ATG,5,35,68,63
V,280,C,missense_variant,GTG,TGC,0,0,6,9
V,280,E,missense_variant,GTG,GAG,4,49,11,105
V,280,D,missense_variant,GTG,GAT,6,79,15,95
V,280,R,missense_variant,GTG,AGA,1,0,14,0
V,280,K,missense_variant,GTG,AAG,3,30,16,52
V,280,H,missense_variant,GTG,CAC,0,0,9,18
V,289,P,missense_variant,GTC,CCT,1,0,22,0
V,289,G,missense_variant,GTC,GGT,5,0,45,0
V,289,Y,missense_variant,GTC,TAC,6,3,20,3
V,289,W,missense_variant,GTC,TGG,7,0,39,0
V,289,F,missense_variant,GTC,TTC,5,61,36,83
V,289,L,missense_variant,GTC,CTG,2,47,10,92
V,289,I,missense_variant,GTC,ATC,11,77,65,122
V,289,A,missense_variant,GTC,GCT,5,3,16,4
V,289,T,missense_variant,GTC,ACC,2,26,25,43
V,289,S,missense_variant,GTC,AGC,4,5,31,2
V,289,Q,missense_variant,GTC,CAG,2,0,5,0
V,289,N,missense_variant,GTC,AAC,4,75,18,98
V,289,M,missense_variant,GTC,ATG,4,34,7,43
V,289,C,missense_variant,GTC,TGC,1,28,16,46
V,289,E,missense_variant,GTC,GAG,1,0,6,0
V,289,D,missense_variant,GTC,GAT,2,0,17,0
V,289,R,missense_variant,GTC,AGA,10,40,46,98
V,289,K,missense_variant,GTC,AAG,2,0,14,0
V,289,H,missense_variant,GTC,CAC,8,17,34,28
V,299,P,missense_variant,GTG,CCT,4,0,8,0
V,299,G,missense_variant,GTG,GGT,1,0,26,0
V,299,Y,missense_variant,GTG,TAC,5,0,19,0
V,299,W,missense_variant,GTG,TGG,9,0,42,0
V,299,F,missense_variant,GTG,TTC,0,0,9,0
V,299,L,missense_variant,GTG,CTG,0,0,5,56
V,299,I,missense_variant,GTG,ATC,5,88,31,114
V,299,A,missense_variant,GTG,GCT,2,2,6,0
V,299,T,missense_variant,GTG,ACC,6,13,19,14
V,299,S,missense_variant,GTG,AGC,1,0,20,0
V,299,S,missense_variant,GTG,AGC,0,0,1,0
V,299,Q,missense_variant,GTG,CAG,1,0,13,0
V,299,N,missense_variant,GTG,AAC,3,6,21,11
V,299,M,missense_variant,GTG,ATG,2,0,6,0
V,299,C,missense_variant,GTG,TGC,2,10,23,14
V,299,C,missense_variant,GTG,TGC,0,0,1,0
V,299,E,missense_variant,GTG,GAG,1,0,6,0
V,299,D,missense_variant,GTG,GAT,2,0,30,0
V,299,R,missense_variant,GTG,AGA,0,0,17,0
V,299,K,missense_variant,GTG,AAG,6,0,44,0
V,299,H,missense_variant,GTG,CAC,1,4,28,4
V,304,P,missense_variant,GTC,CCT,2,0,28,0
V,304,G,missense_variant,GTC,GGT,6,0,41,0
V,304,Y,missense_variant,GTC,TAC,4,5,13,6
V,304,W,missense_variant,GTC,TGG,1,0,14,0
V,304,W,missense_variant,GTC,TGG,0,0,1,0
V,304,F,missense_variant,GTC,TTC,3,1,10,0
V,304,L,missense_variant,GTC,CTG,5,27,19,41
V,304,I,missense_variant,GTC,ATC,3,0,8,1
V,304,A,missense_variant,GTC,GCT,2,3,4,6
V,304,T,missense_variant,GTC,ACC,0,0,8,82
V,304,S,missense_variant,GTC,AGC,0,0,2,0
V,304,Q,missense_variant,GTC,CAG,3,12,22,14
V,304,N,missense_variant,GTC,AAC,1,0,12,0
V,304,M,missense_variant,GTC,ATG,1,41,35,78
V,304,C,missense_variant,GTC,TGC,0,0,3,0
V,304,E,missense_variant,GTC,GAG,1,0,29,0
V,304,D,missense_variant,GTC,GAT,4,0,67,0
V,304,R,missense_variant,GTC,AGA,3,0,26,0
V,304,K,missense_variant,GTC,AAG,2,0,54,1
V,304,H,missense_variant,GTC,CAC,2,19,6,42
W,261,P,missense_variant,TGG,CCT,1,0,25,0
W,261,G,missense_variant,TGG,GGT,10,0,47,0
W,261,Y,missense_variant,TGG,TAC,2,1,4,3
W,261,F,missense_variant,TGG,TTC,1,3,1,2
W,261,V,missense_variant,TGG,GTG,2,0,5,2
W,261,L,missense_variant,TGG,CTG,3,2,12,0
W,261,L,missense_variant,TGG,CTG,3,45,9,65
W,261,I,missense_variant,TGG,ATC,1,42,10,54
W,261,A,missense_variant,TGG,GCT,2,0,16,0
W,261,T,missense_variant,TGG,ACC,3,0,14,0
W,261,S,missense_variant,TGG,AGC,3,15,20,25
W,261,Q,missense_variant,TGG,CAG,3,5,39,15
W,261,N,missense_variant,TGG,AAC,2,4,8,1
W,261,M,missense_variant,TGG,ATG,8,61,23,125
W,261,C,missense_variant,TGG,TGC,5,28,56,32
W,261,E,missense_variant,TGG,GAG,2,0,11,0
W,261,D,missense_variant,TGG,GAT,4,0,45,0
W,261,R,missense_variant,TGG,AGA,8,0,30,0
W,261,K,missense_variant,TGG,AAG,2,0,3,0
W,261,H,missense_variant,TGG,CAC,7,53,26,120
Y,253,P,missense_variant,TAC,CCT,0,0,5,0
Y,253,G,missense_variant,TAC,GGT,1,3,15,8
Y,253,W,missense_variant,TAC,TGG,0,0,20,13
Y,253,F,missense_variant,TAC,TTC,6,67,112,93
Y,253,L,missense_variant,TAC,CTG,4,0,18,0
Y,253,I,missense_variant,TAC,ATC,4,0,43,0
Y,253,A,missense_variant,TAC,GCT,6,4,41,5
Y,253,T,missense_variant,TAC,ACC,2,0,31,0
Y,253,S,missense_variant,TAC,AGC,5,7,15,9
Y,253,Q,missense_variant,TAC,CAG,4,36,94,33
Y,253,N,missense_variant,TAC,AAC,5,2,12,3
Y,253,M,missense_variant,TAC,ATG,5,20,44,36
Y,253,C,missense_variant,TAC,TGC,6,1,41,0
Y,253,E,missense_variant,TAC,GAG,1,0,16,0
Y,253,D,missense_variant,TAC,GAT,11,0,52,0
Y,253,R,missense_variant,TAC,AGA,2,0,32,1
Y,253,K,missense_variant,TAC,AAG,5,7,41,2
Y,253,H,missense_variant,TAC,CAC,9,70,97,59
Y,257,P,missense_variant,TAC,CCT,2,0,28,0
Y,257,G,missense_variant,TAC,GGT,8,0,34,0
Y,257,W,missense_variant,TAC,TGG,1,8,7,11
Y,257,F,missense_variant,TAC,TTC,4,12,4,27
Y,257,V,missense_variant,TAC,GTG,1,0,12,0
Y,257,L,missense_variant,TAC,CTG,0,0,7,0
Y,257,I,missense_variant,TAC,ATC,3,0,9,0
Y,257,A,missense_variant,TAC,GCT,3,0,21,0
Y,257,T,missense_variant,TAC,ACC,4,0,23,0
Y,257,S,missense_variant,TAC,AGC,0,0,12,0
Y,257,Q,missense_variant,TAC,CAG,1,0,10,0
Y,257,N,missense_variant,TAC,AAC,2,0,30,0
Y,257,M,missense_variant,TAC,ATG,6,0,15,0
Y,257,C,missense_variant,TAC,TGC,6,0,29,0
Y,257,E,missense_variant,TAC,GAG,7,0,58,0
Y,257,D,missense_variant,TAC,GAT,3,0,15,0
Y,257,R,missense_variant,TAC,AGA,7,21,42,30
Y,257,K,missense_variant,TAC,AAG,6,0,29,0
Y,257,H,missense_variant,TAC,CAC,3,2,50,3
Y,264,G,missense_variant,TAC,GGT,1,10,8,7
Y,264,W,missense_variant,TAC,TGG,0,0,4,37
Y,264,F,missense_variant,TAC,TTC,0,0,4,1
Y,264,V,missense_variant,TAC,GTG,5,17,27,36
Y,264,L,missense_variant,TAC,CTG,1,21,5,18
Y,264,I,missense_variant,TAC,ATC,1,10,6,11
Y,264,A,missense_variant,TAC,GCT,7,89,41,147
Y,264,T,missense_variant,TAC,ACC,1,14,4,34
Y,264,S,missense_variant,TAC,AGC,8,87,35,145
Y,264,Q,missense_variant,TAC,CAG,2,32,5,34
Y,264,M,missense_variant,TAC,ATG,4,16,12,20
Y,264,C,missense_variant,TAC,TGC,1,18,1,26
Y,264,E,missense_variant,TAC,GAG,8,80,7,91
Y,264,D,missense_variant,TAC,GAT,7,35,30,100
Y,264,R,missense_variant,TAC,AGA,0,0,5,27
Y,264,K,missense_variant,TAC,AAG,1,61,12,73
Y,264,H,missense_variant,TAC,CAC,4,47,10,62
Y,312,P,missense_variant,TAT,CCT,1,0,2,0
Y,312,G,missense_variant,TAT,GGT,6,1,15,0
Y,312,W,missense_variant,TAT,TGG,6,0,45,0
Y,312,F,missense_variant,TAT,TTC,3,22,7,26
Y,312,V,missense_variant,TAT,GTG,2,0,17,0
Y,312,L,missense_variant,TAT,CTG,6,2,21,5
Y,312,I,missense_variant,TAT,ATC,2,0,23,1
Y,312,A,missense_variant,TAT,GCT,5,9,41,5
Y,312,T,missense_variant,TAT,ACC,1,1,6,0
Y,312,S,missense_variant,TAT,AGC,9,0,26,0
Y,312,Q,missense_variant,TAT,CAG,3,0,27,0
Y,312,N,missense_variant,TAT,AAC,6,0,51,0
Y,312,M,missense_variant,TAT,ATG,8,2,36,0
Y,312,C,missense_variant,TAT,TGC,2,0,40,0
Y,312,E,missense_variant,TAT,GAG,8,0,47,0
Y,312,D,missense_variant,TAT,GAT,0,0,2,6
Y,312,R,missense_variant,TAT,AGA,1,0,2,0
Y,312,K,missense_variant,TAT,AAG,1,0,7,0
Y,312,H,missense_variant,TAT,CAC,0,0,12,0
Y,320,W,missense_variant,TAC,TGG,4,63,24,62
Y,320,F,missense_variant,TAC,TTC,2,20,13,48
Y,320,I,missense_variant,TAC,ATC,0,0,7,4
Y,320,T,missense_variant,TAC,ACC,4,7,13,8
Y,320,S,missense_variant,TAC,AGC,3,26,12,48
Y,320,Q,missense_variant,TAC,CAG,2,19,20,24
Y,320,N,missense_variant,TAC,AAC,4,42,9,28
Y,320,M,missense_variant,TAC,ATG,0,0,1,0
Y,320,C,missense_variant,TAC,TGC,7,90,34,117
Y,320,E,missense_variant,TAC,GAG,0,0,4,11
Y,320,D,missense_variant,TAC,GAT,2,21,19,19
Y,320,K,missense_variant,TAC,AAG,0,0,3,11
Y,320,H,missense_variant,TAC,CAC,2,9,3,10
